Resource Group,Resource Type,Location,Resource Name,ResourceID
rg-enterprise-networking-spokes,Microsoft.Resources/resourceGroups,eastus2,rg-enterprise-networking-spokes,/subscriptions/9800bc67-8c79-4be8-b6a7-9e536e752abf/resourceGroups/rg-enterprise-networking-spokes
rg-enterprise-networking-spokes,Microsoft.Network/networkSecurityGroups,eastus2,nsg-vnet-spoke-bu0001a0008-00-snet-appgw,/subscriptions/9800bc67-8c79-4be8-b6a7-9e536e752abf/resourceGroups/rg-enterprise-networking-spokes/providers/Microsoft.Network/networkSecurityGroups/nsg-vnet-spoke-bu0001a0008-00-snet-appgw
rg-enterprise-networking-spokes,Microsoft.Network/networkSecurityGroups,eastus2,nsg-vnet-spoke-bu0001a0008-00-snet-clusteringressservices,/subscriptions/9800bc67-8c79-4be8-b6a7-9e536e752abf/resourceGroups/rg-enterprise-networking-spokes/providers/Microsoft.Network/networkSecurityGroups/nsg-vnet-spoke-bu0001a0008-00-snet-clusteringressservices
rg-enterprise-networking-spokes,Microsoft.Network/networkSecurityGroups,eastus2,nsg-vnet-spoke-bu0001a0008-00-snet-nodepools,/subscriptions/9800bc67-8c79-4be8-b6a7-9e536e752abf/resourceGroups/rg-enterprise-networking-spokes/providers/Microsoft.Network/networkSecurityGroups/nsg-vnet-spoke-bu0001a0008-00-snet-nodepools
rg-enterprise-networking-spokes,Microsoft.Network/networkSecurityGroups,eastus2,nsg-vnet-spoke-bu0001a0008-00-snet-privatelinkendpoints,/subscriptions/9800bc67-8c79-4be8-b6a7-9e536e752abf/resourceGroups/rg-enterprise-networking-spokes/providers/Microsoft.Network/networkSecurityGroups/nsg-vnet-spoke-bu0001a0008-00-snet-privatelinkendpoints
rg-enterprise-networking-spokes,Microsoft.Network/publicIPAddresses,eastus2,pip-bu0001a0008-00,/subscriptions/9800bc67-8c79-4be8-b6a7-9e536e752abf/resourceGroups/rg-enterprise-networking-spokes/providers/Microsoft.Network/publicIPAddresses/pip-bu0001a0008-00
rg-enterprise-networking-spokes,Microsoft.Network/routeTables,eastus2,route-to-eastus2-hub-fw,/subscriptions/9800bc67-8c79-4be8-b6a7-9e536e752abf/resourceGroups/rg-enterprise-networking-spokes/providers/Microsoft.Network/routeTables/route-to-eastus2-hub-fw
rg-enterprise-networking-spokes,Microsoft.Network/virtualNetworks,eastus2,vnet-spoke-bu0001a0008-00,/subscriptions/9800bc67-8c79-4be8-b6a7-9e536e752abf/resourceGroups/rg-enterprise-networking-spokes/providers/Microsoft.Network/virtualNetworks/vnet-spoke-bu0001a0008-00
