{
    "annotations": {
      "list": [
        {
          "builtIn": 1,
          "datasource": {
            "type": "datasource",
            "uid": "grafana"
          },
          "enable": true,
          "hide": true,
          "iconColor": "rgba(0, 211, 255, 1)",
          "name": "Annotations & Alerts",
          "target": {
            "limit": 100,
            "matchAny": false,
            "tags": [],
            "type": "dashboard"
          },
          "type": "dashboard"
        }
      ]
    },
    "editable": true,
    "fiscalYearStartMonth": 0,
    "graphTooltip": 0,
    "id": 27,
    "links": [],
    "liveNow": false,
    "panels": [
      {
        "datasource": {
          "type": "prometheus",
          "uid": "prometheus"
        },
        "description": "Number of brokers online",
        "fieldConfig": {
          "defaults": {
            "color": {
              "mode": "thresholds"
            },
            "mappings": [
              {
                "options": {
                  "match": "null",
                  "result": {
                    "text": "N/A"
                  }
                },
                "type": "special"
              }
            ],
            "thresholds": {
              "mode": "absolute",
              "steps": [
                {
                  "color": "#d44a3a",
                  "value": null
                },
                {
                  "color": "rgba(237, 129, 40, 0.89)",
                  "value": 0
                },
                {
                  "color": "#299c46",
                  "value": 2
                }
              ]
            },
            "unit": "none"
          },
          "overrides": []
        },
        "gridPos": {
          "h": 4,
          "w": 3,
          "x": 0,
          "y": 0
        },
        "id": 46,
        "links": [],
        "maxDataPoints": 100,
        "options": {
          "colorMode": "value",
          "graphMode": "none",
          "justifyMode": "auto",
          "orientation": "horizontal",
          "reduceOptions": {
            "calcs": [
              "lastNotNull"
            ],
            "fields": "",
            "values": false
          },
          "textMode": "auto"
        },
        "pluginVersion": "9.3.8",
        "repeatDirection": "h",
        "targets": [
          {
            "datasource": {
              "type": "prometheus",
              "uid": "prometheus"
            },
            "expr": "count(kafka_server_replicamanager_leadercount{namespace=\"$kubernetes_namespace\",strimzi_io_cluster=\"$strimzi_cluster_name\"})",
            "format": "time_series",
            "hide": false,
            "intervalFactor": 1,
            "legendFormat": "",
            "refId": "A"
          }
        ],
        "title": "Brokers Online",
        "type": "stat"
      },
      {
        "datasource": {
          "type": "prometheus",
          "uid": "prometheus"
        },
        "description": "Number of active controllers in the cluster",
        "fieldConfig": {
          "defaults": {
            "color": {
              "mode": "thresholds"
            },
            "mappings": [
              {
                "options": {
                  "match": "null",
                  "result": {
                    "text": "N/A"
                  }
                },
                "type": "special"
              }
            ],
            "thresholds": {
              "mode": "absolute",
              "steps": [
                {
                  "color": "#299c46",
                  "value": null
                },
                {
                  "color": "#e5ac0e",
                  "value": 2
                },
                {
                  "color": "#bf1b00"
                }
              ]
            },
            "unit": "none"
          },
          "overrides": []
        },
        "gridPos": {
          "h": 4,
          "w": 3,
          "x": 3,
          "y": 0
        },
        "id": 36,
        "links": [],
        "maxDataPoints": 100,
        "options": {
          "colorMode": "value",
          "graphMode": "none",
          "justifyMode": "auto",
          "orientation": "horizontal",
          "reduceOptions": {
            "calcs": [
              "lastNotNull"
            ],
            "fields": "",
            "values": false
          },
          "textMode": "auto"
        },
        "pluginVersion": "9.3.8",
        "targets": [
          {
            "datasource": {
              "type": "prometheus",
              "uid": "prometheus"
            },
            "expr": "sum(kafka_controller_kafkacontroller_activecontrollercount{namespace=\"$kubernetes_namespace\",strimzi_io_cluster=\"$strimzi_cluster_name\"})",
            "format": "time_series",
            "hide": false,
            "intervalFactor": 1,
            "refId": "A"
          }
        ],
        "title": "Active Controllers",
        "type": "stat"
      },
      {
        "datasource": {
          "type": "prometheus",
          "uid": "prometheus"
        },
        "description": "Unclean leader election rate",
        "fieldConfig": {
          "defaults": {
            "color": {
              "mode": "thresholds"
            },
            "mappings": [
              {
                "options": {
                  "match": "null",
                  "result": {
                    "text": "N/A"
                  }
                },
                "type": "special"
              }
            ],
            "thresholds": {
              "mode": "absolute",
              "steps": [
                {
                  "color": "#299c46",
                  "value": null
                },
                {
                  "color": "rgba(237, 129, 40, 0.89)",
                  "value": 2
                },
                {
                  "color": "#d44a3a"
                }
              ]
            },
            "unit": "none"
          },
          "overrides": []
        },
        "gridPos": {
          "h": 4,
          "w": 3,
          "x": 6,
          "y": 0
        },
        "id": 38,
        "links": [],
        "maxDataPoints": 100,
        "options": {
          "colorMode": "value",
          "graphMode": "none",
          "justifyMode": "auto",
          "orientation": "horizontal",
          "reduceOptions": {
            "calcs": [
              "lastNotNull"
            ],
            "fields": "",
            "values": false
          },
          "textMode": "auto"
        },
        "pluginVersion": "9.3.8",
        "targets": [
          {
            "datasource": {
              "type": "prometheus",
              "uid": "prometheus"
            },
            "expr": "sum(irate(kafka_controller_controllerstats_uncleanleaderelections_total{namespace=\"$kubernetes_namespace\",strimzi_io_cluster=\"$strimzi_cluster_name\"}[5m]))",
            "format": "time_series",
            "hide": false,
            "intervalFactor": 1,
            "refId": "A"
          }
        ],
        "title": "Unclean Leader Election Rate",
        "type": "stat"
      },
      {
        "datasource": {
          "type": "prometheus",
          "uid": "prometheus"
        },
        "description": "Replicas that are online",
        "fieldConfig": {
          "defaults": {
            "color": {
              "mode": "thresholds"
            },
            "mappings": [
              {
                "options": {
                  "match": "null",
                  "result": {
                    "text": "N/A"
                  }
                },
                "type": "special"
              }
            ],
            "thresholds": {
              "mode": "absolute",
              "steps": [
                {
                  "color": "#d44a3a",
                  "value": null
                },
                {
                  "color": "rgba(237, 129, 40, 0.89)",
                  "value": 0
                },
                {
                  "color": "#299c46",
                  "value": 0
                }
              ]
            },
            "unit": "none"
          },
          "overrides": []
        },
        "gridPos": {
          "h": 4,
          "w": 3,
          "x": 9,
          "y": 0
        },
        "id": 40,
        "links": [],
        "maxDataPoints": 100,
        "options": {
          "colorMode": "value",
          "graphMode": "none",
          "justifyMode": "auto",
          "orientation": "horizontal",
          "reduceOptions": {
            "calcs": [
              "lastNotNull"
            ],
            "fields": "",
            "values": false
          },
          "textMode": "auto"
        },
        "pluginVersion": "9.3.8",
        "targets": [
          {
            "datasource": {
              "type": "prometheus",
              "uid": "prometheus"
            },
            "expr": "sum(kafka_server_replicamanager_partitioncount{namespace=\"$kubernetes_namespace\",strimzi_io_cluster=\"$strimzi_cluster_name\"})",
            "format": "time_series",
            "intervalFactor": 1,
            "refId": "A"
          }
        ],
        "title": "Online Replicas",
        "type": "stat"
      },
      {
        "datasource": {
          "type": "prometheus",
          "uid": "prometheus"
        },
        "description": "Number of under-replicated partitions (| ISR | < | all replicas |).",
        "fieldConfig": {
          "defaults": {
            "color": {
              "mode": "thresholds"
            },
            "mappings": [
              {
                "options": {
                  "match": "null",
                  "result": {
                    "text": "N/A"
                  }
                },
                "type": "special"
              }
            ],
            "thresholds": {
              "mode": "absolute",
              "steps": [
                {
                  "color": "#508642",
                  "value": null
                },
                {
                  "color": "rgba(237, 129, 40, 0.89)",
                  "value": 1
                },
                {
                  "color": "#bf1b00",
                  "value": 5
                }
              ]
            },
            "unit": "none"
          },
          "overrides": []
        },
        "gridPos": {
          "h": 4,
          "w": 3,
          "x": 12,
          "y": 0
        },
        "id": 30,
        "links": [],
        "maxDataPoints": 100,
        "options": {
          "colorMode": "value",
          "graphMode": "none",
          "justifyMode": "auto",
          "orientation": "horizontal",
          "reduceOptions": {
            "calcs": [
              "lastNotNull"
            ],
            "fields": "",
            "values": false
          },
          "textMode": "auto"
        },
        "pluginVersion": "9.3.8",
        "targets": [
          {
            "datasource": {
              "type": "prometheus",
              "uid": "prometheus"
            },
            "expr": "sum(kafka_server_replicamanager_underreplicatedpartitions{namespace=\"$kubernetes_namespace\",strimzi_io_cluster=\"$strimzi_cluster_name\"})",
            "format": "time_series",
            "hide": false,
            "intervalFactor": 2,
            "refId": "A"
          }
        ],
        "title": "Under Replicated Partitions",
        "type": "stat"
      },
      {
        "datasource": {
          "type": "prometheus",
          "uid": "prometheus"
        },
        "description": "Number of partitions which are at their minimum in sync replica count (| ISR | == | min.insync.replicas |)",
        "fieldConfig": {
          "defaults": {
            "color": {
              "mode": "thresholds"
            },
            "mappings": [
              {
                "options": {
                  "match": "null",
                  "result": {
                    "color": "#508642",
                    "text": "0"
                  }
                },
                "type": "special"
              }
            ],
            "thresholds": {
              "mode": "absolute",
              "steps": [
                {
                  "color": "#508642",
                  "value": null
                },
                {
                  "color": "#ef843c",
                  "value": 1
                },
                {
                  "color": "#bf1b00",
                  "value": 5
                }
              ]
            },
            "unit": "none"
          },
          "overrides": []
        },
        "gridPos": {
          "h": 4,
          "w": 3,
          "x": 15,
          "y": 0
        },
        "id": 102,
        "links": [],
        "maxDataPoints": 100,
        "options": {
          "colorMode": "value",
          "graphMode": "none",
          "justifyMode": "auto",
          "orientation": "horizontal",
          "reduceOptions": {
            "calcs": [
              "lastNotNull"
            ],
            "fields": "",
            "values": false
          },
          "textMode": "auto"
        },
        "pluginVersion": "9.3.8",
        "targets": [
          {
            "datasource": {
              "type": "prometheus",
              "uid": "prometheus"
            },
            "expr": "sum(kafka_cluster_partition_atminisr{namespace=\"$kubernetes_namespace\",strimzi_io_cluster=\"$strimzi_cluster_name\"})",
            "format": "time_series",
            "hide": false,
            "intervalFactor": 2,
            "refId": "A"
          }
        ],
        "title": "Partitions at minimum ISR",
        "type": "stat"
      },
      {
        "datasource": {
          "type": "prometheus",
          "uid": "prometheus"
        },
        "description": "Number of partitions which are under their minimum in sync replica count (| ISR | < | min.insync.replicas |)",
        "fieldConfig": {
          "defaults": {
            "color": {
              "mode": "thresholds"
            },
            "mappings": [
              {
                "options": {
                  "match": "null",
                  "result": {
                    "color": "#508642",
                    "text": "0"
                  }
                },
                "type": "special"
              }
            ],
            "thresholds": {
              "mode": "absolute",
              "steps": [
                {
                  "color": "#508642",
                  "value": null
                },
                {
                  "color": "#ef843c",
                  "value": 1
                },
                {
                  "color": "#bf1b00",
                  "value": 1
                }
              ]
            },
            "unit": "none"
          },
          "overrides": []
        },
        "gridPos": {
          "h": 4,
          "w": 3,
          "x": 18,
          "y": 0
        },
        "id": 103,
        "links": [],
        "maxDataPoints": 100,
        "options": {
          "colorMode": "value",
          "graphMode": "none",
          "justifyMode": "auto",
          "orientation": "horizontal",
          "reduceOptions": {
            "calcs": [
              "lastNotNull"
            ],
            "fields": "",
            "values": false
          },
          "textMode": "auto"
        },
        "pluginVersion": "9.3.8",
        "targets": [
          {
            "datasource": {
              "type": "prometheus",
              "uid": "prometheus"
            },
            "expr": "sum(kafka_cluster_partition_underminisr{namespace=\"$kubernetes_namespace\",strimzi_io_cluster=\"$strimzi_cluster_name\"})",
            "format": "time_series",
            "hide": false,
            "intervalFactor": 2,
            "refId": "A"
          }
        ],
        "title": "Partitions under minimum ISR",
        "type": "stat"
      },
      {
        "datasource": {
          "type": "prometheus",
          "uid": "prometheus"
        },
        "description": "Number of partitions that don?t have an active leader and are hence not writable or readable",
        "fieldConfig": {
          "defaults": {
            "color": {
              "mode": "thresholds"
            },
            "mappings": [
              {
                "options": {
                  "match": "null",
                  "result": {
                    "text": "N/A"
                  }
                },
                "type": "special"
              }
            ],
            "thresholds": {
              "mode": "absolute",
              "steps": [
                {
                  "color": "#508642",
                  "value": null
                },
                {
                  "color": "#ef843c",
                  "value": 1
                },
                {
                  "color": "#bf1b00",
                  "value": 1
                }
              ]
            },
            "unit": "none"
          },
          "overrides": []
        },
        "gridPos": {
          "h": 4,
          "w": 3,
          "x": 21,
          "y": 0
        },
        "id": 32,
        "links": [],
        "maxDataPoints": 100,
        "options": {
          "colorMode": "value",
          "graphMode": "none",
          "justifyMode": "auto",
          "orientation": "horizontal",
          "reduceOptions": {
            "calcs": [
              "lastNotNull"
            ],
            "fields": "",
            "values": false
          },
          "textMode": "auto"
        },
        "pluginVersion": "9.3.8",
        "targets": [
          {
            "datasource": {
              "type": "prometheus",
              "uid": "prometheus"
            },
            "expr": "sum(kafka_controller_kafkacontroller_offlinepartitionscount{namespace=\"$kubernetes_namespace\",strimzi_io_cluster=\"$strimzi_cluster_name\"})",
            "format": "time_series",
            "hide": false,
            "intervalFactor": 1,
            "refId": "A"
          }
        ],
        "title": "Offline Partitions Count",
        "type": "stat"
      },
      {
        "collapsed": false,
        "datasource": {
          "type": "prometheus",
          "uid": "prometheus"
        },
        "gridPos": {
          "h": 1,
          "w": 24,
          "x": 0,
          "y": 4
        },
        "id": 28,
        "panels": [],
        "targets": [
          {
            "datasource": {
              "type": "prometheus",
              "uid": "prometheus"
            },
            "refId": "A"
          }
        ],
        "title": "Kafka",
        "type": "row"
      },
      {
        "aliasColors": {},
        "bars": false,
        "dashLength": 10,
        "dashes": false,
        "datasource": {
          "type": "prometheus",
          "uid": "prometheus"
        },
        "description": "Kafka broker pods memory usage",
        "fill": 1,
        "fillGradient": 0,
        "gridPos": {
          "h": 7,
          "w": 6,
          "x": 0,
          "y": 5
        },
        "hiddenSeries": false,
        "id": 82,
        "legend": {
          "avg": false,
          "current": false,
          "max": false,
          "min": false,
          "show": true,
          "total": false,
          "values": false
        },
        "lines": true,
        "linewidth": 1,
        "links": [],
        "nullPointMode": "null",
        "options": {
          "alertThreshold": true
        },
        "paceLength": 10,
        "percentage": false,
        "pluginVersion": "9.3.8",
        "pointradius": 5,
        "points": false,
        "renderer": "flot",
        "seriesOverrides": [],
        "spaceLength": 10,
        "stack": false,
        "steppedLine": false,
        "targets": [
          {
            "datasource": {
              "type": "prometheus",
              "uid": "prometheus"
            },
            "expr": "sum(container_memory_usage_bytes{namespace=\"$kubernetes_namespace\",pod=~\"$strimzi_cluster_name-$kafka_broker\",container=\"kafka\"}) by (pod)",
            "format": "time_series",
            "hide": false,
            "intervalFactor": 1,
            "legendFormat": "{{pod}}",
            "refId": "A"
          }
        ],
        "thresholds": [],
        "timeRegions": [],
        "title": "Memory Usage",
        "tooltip": {
          "shared": true,
          "sort": 0,
          "value_type": "individual"
        },
        "type": "graph",
        "xaxis": {
          "mode": "time",
          "show": true,
          "values": []
        },
        "yaxes": [
          {
            "format": "bytes",
            "logBase": 1,
            "show": true
          },
          {
            "format": "short",
            "logBase": 1,
            "show": true
          }
        ],
        "yaxis": {
          "align": false
        }
      },
      {
        "aliasColors": {},
        "bars": false,
        "dashLength": 10,
        "dashes": false,
        "datasource": {
          "type": "prometheus",
          "uid": "prometheus"
        },
        "description": "Aggregated Kafka broker pods CPU usage",
        "fill": 1,
        "fillGradient": 0,
        "gridPos": {
          "h": 7,
          "w": 6,
          "x": 6,
          "y": 5
        },
        "hiddenSeries": false,
        "id": 81,
        "legend": {
          "avg": false,
          "current": false,
          "max": false,
          "min": false,
          "show": true,
          "total": false,
          "values": false
        },
        "lines": true,
        "linewidth": 1,
        "links": [],
        "nullPointMode": "null",
        "options": {
          "alertThreshold": true
        },
        "paceLength": 10,
        "percentage": false,
        "pluginVersion": "9.3.8",
        "pointradius": 5,
        "points": false,
        "renderer": "flot",
        "seriesOverrides": [],
        "spaceLength": 10,
        "stack": false,
        "steppedLine": false,
        "targets": [
          {
            "datasource": {
              "type": "prometheus",
              "uid": "prometheus"
            },
            "expr": "sum(rate(container_cpu_usage_seconds_total{namespace=\"$kubernetes_namespace\",pod=~\"$strimzi_cluster_name-$kafka_broker\",container=\"kafka\"}[5m])) by (pod)",
            "format": "time_series",
            "hide": false,
            "intervalFactor": 1,
            "legendFormat": "{{pod}}",
            "refId": "A"
          }
        ],
        "thresholds": [],
        "timeRegions": [],
        "title": "CPU Usage",
        "tooltip": {
          "shared": true,
          "sort": 0,
          "value_type": "individual"
        },
        "type": "graph",
        "xaxis": {
          "mode": "time",
          "show": true,
          "values": []
        },
        "yaxes": [
          {
            "format": "short",
            "logBase": 1,
            "show": true
          },
          {
            "format": "short",
            "logBase": 1,
            "show": true
          }
        ],
        "yaxis": {
          "align": false
        }
      },
      {
        "aliasColors": {},
        "bars": false,
        "dashLength": 10,
        "dashes": false,
        "datasource": {
          "type": "prometheus",
          "uid": "prometheus"
        },
        "description": "Kafka broker pods disk usage",
        "fill": 1,
        "fillGradient": 0,
        "gridPos": {
          "h": 7,
          "w": 6,
          "x": 12,
          "y": 5
        },
        "hiddenSeries": false,
        "id": 83,
        "legend": {
          "avg": false,
          "current": false,
          "max": false,
          "min": false,
          "show": true,
          "total": false,
          "values": false
        },
        "lines": true,
        "linewidth": 1,
        "links": [],
        "nullPointMode": "null",
        "options": {
          "alertThreshold": true
        },
        "paceLength": 10,
        "percentage": false,
        "pluginVersion": "9.3.8",
        "pointradius": 5,
        "points": false,
        "renderer": "flot",
        "seriesOverrides": [],
        "spaceLength": 10,
        "stack": false,
        "steppedLine": false,
        "targets": [
          {
            "datasource": {
              "type": "prometheus",
              "uid": "prometheus"
            },
            "expr": "sum(kubelet_volume_stats_available_bytes{namespace=\"$kubernetes_namespace\",persistentvolumeclaim=~\"data(-[0-9]+)?-$strimzi_cluster_name-kafka-[0-9]+\"}) by (persistentvolumeclaim)",
            "format": "time_series",
            "hide": false,
            "intervalFactor": 1,
            "legendFormat": "{{persistentvolumeclaim}}",
            "refId": "A"
          }
        ],
        "thresholds": [],
        "timeRegions": [],
        "title": "Available Disk Space",
        "tooltip": {
          "shared": true,
          "sort": 0,
          "value_type": "individual"
        },
        "type": "graph",
        "xaxis": {
          "mode": "time",
          "show": true,
          "values": []
        },
        "yaxes": [
          {
            "format": "bytes",
            "logBase": 1,
            "show": true
          },
          {
            "format": "short",
            "logBase": 1,
            "show": true
          }
        ],
        "yaxis": {
          "align": false
        }
      },
      {
        "aliasColors": {},
        "bars": false,
        "dashLength": 10,
        "dashes": false,
        "datasource": {
          "type": "prometheus",
          "uid": "prometheus"
        },
        "description": "Open File Descriptors",
        "fill": 1,
        "fillGradient": 0,
        "gridPos": {
          "h": 7,
          "w": 6,
          "x": 18,
          "y": 5
        },
        "hiddenSeries": false,
        "id": 107,
        "legend": {
          "avg": false,
          "current": false,
          "max": false,
          "min": false,
          "show": true,
          "total": false,
          "values": false
        },
        "lines": true,
        "linewidth": 1,
        "links": [],
        "nullPointMode": "null",
        "options": {
          "alertThreshold": true
        },
        "paceLength": 10,
        "percentage": false,
        "pluginVersion": "9.3.8",
        "pointradius": 5,
        "points": false,
        "renderer": "flot",
        "seriesOverrides": [],
        "spaceLength": 10,
        "stack": false,
        "steppedLine": false,
        "targets": [
          {
            "datasource": {
              "type": "prometheus",
              "uid": "prometheus"
            },
            "expr": "sum(process_open_fds{namespace=\"$kubernetes_namespace\",kubernetes_pod_name=~\"$strimzi_cluster_name-$kafka_broker\",container=\"kafka\"}) by (kubernetes_pod_name)",
            "format": "time_series",
            "hide": false,
            "intervalFactor": 1,
            "legendFormat": "{{kubernetes_pod_name}}",
            "refId": "A"
          }
        ],
        "thresholds": [],
        "timeRegions": [],
        "title": "Open File Descriptors",
        "tooltip": {
          "shared": true,
          "sort": 0,
          "value_type": "individual"
        },
        "type": "graph",
        "xaxis": {
          "mode": "time",
          "show": true,
          "values": []
        },
        "yaxes": [
          {
            "format": "none",
            "logBase": 1,
            "show": true
          },
          {
            "format": "short",
            "logBase": 1,
            "show": true
          }
        ],
        "yaxis": {
          "align": false
        }
      },
      {
        "aliasColors": {},
        "bars": false,
        "dashLength": 10,
        "dashes": false,
        "datasource": {
          "type": "prometheus",
          "uid": "prometheus"
        },
        "fill": 1,
        "fillGradient": 0,
        "gridPos": {
          "h": 7,
          "w": 6,
          "x": 0,
          "y": 12
        },
        "hiddenSeries": false,
        "id": 93,
        "legend": {
          "avg": false,
          "current": false,
          "max": false,
          "min": false,
          "show": true,
          "total": false,
          "values": false
        },
        "lines": true,
        "linewidth": 1,
        "links": [],
        "nullPointMode": "null",
        "options": {
          "alertThreshold": true
        },
        "paceLength": 10,
        "percentage": false,
        "pluginVersion": "9.3.8",
        "pointradius": 5,
        "points": false,
        "renderer": "flot",
        "seriesOverrides": [],
        "spaceLength": 10,
        "stack": false,
        "steppedLine": false,
        "targets": [
          {
            "datasource": {
              "type": "prometheus",
              "uid": "prometheus"
            },
            "expr": "sum(jvm_memory_bytes_used{namespace=\"$kubernetes_namespace\",kubernetes_pod_name=~\"$strimzi_cluster_name-$kafka_broker\",strimzi_io_name=\"$strimzi_cluster_name-kafka\"}) by (kubernetes_pod_name)",
            "format": "time_series",
            "intervalFactor": 1,
            "legendFormat": "{{kubernetes_pod_name}}",
            "refId": "A"
          }
        ],
        "thresholds": [],
        "timeRegions": [],
        "title": "JVM Memory Used",
        "tooltip": {
          "shared": true,
          "sort": 0,
          "value_type": "individual"
        },
        "type": "graph",
        "xaxis": {
          "mode": "time",
          "show": true,
          "values": []
        },
        "yaxes": [
          {
            "format": "decbytes",
            "logBase": 1,
            "show": true
          },
          {
            "format": "short",
            "logBase": 1,
            "show": true
          }
        ],
        "yaxis": {
          "align": false
        }
      },
      {
        "aliasColors": {},
        "bars": false,
        "dashLength": 10,
        "dashes": false,
        "datasource": {
          "type": "prometheus",
          "uid": "prometheus"
        },
        "fill": 1,
        "fillGradient": 0,
        "gridPos": {
          "h": 7,
          "w": 6,
          "x": 6,
          "y": 12
        },
        "hiddenSeries": false,
        "id": 95,
        "legend": {
          "avg": false,
          "current": false,
          "max": false,
          "min": false,
          "show": true,
          "total": false,
          "values": false
        },
        "lines": true,
        "linewidth": 1,
        "links": [],
        "nullPointMode": "null",
        "options": {
          "alertThreshold": true
        },
        "paceLength": 10,
        "percentage": false,
        "pluginVersion": "9.3.8",
        "pointradius": 5,
        "points": false,
        "renderer": "flot",
        "seriesOverrides": [],
        "spaceLength": 10,
        "stack": false,
        "steppedLine": false,
        "targets": [
          {
            "datasource": {
              "type": "prometheus",
              "uid": "prometheus"
            },
            "expr": "sum(rate(jvm_gc_collection_seconds_sum{namespace=\"$kubernetes_namespace\",kubernetes_pod_name=~\"$strimzi_cluster_name-$kafka_broker\",strimzi_io_name=\"$strimzi_cluster_name-kafka\"}[5m])) by (kubernetes_pod_name)",
            "format": "time_series",
            "intervalFactor": 1,
            "legendFormat": "{{kubernetes_pod_name}}",
            "refId": "A"
          }
        ],
        "thresholds": [],
        "timeRegions": [],
        "title": "JVM GC Time",
        "tooltip": {
          "shared": true,
          "sort": 0,
          "value_type": "individual"
        },
        "type": "graph",
        "xaxis": {
          "mode": "time",
          "show": true,
          "values": []
        },
        "yaxes": [
          {
            "format": "ms",
            "logBase": 1,
            "show": true
          },
          {
            "format": "short",
            "logBase": 1,
            "show": true
          }
        ],
        "yaxis": {
          "align": false
        }
      },
      {
        "aliasColors": {},
        "bars": false,
        "dashLength": 10,
        "dashes": false,
        "datasource": {
          "type": "prometheus",
          "uid": "prometheus"
        },
        "fill": 1,
        "fillGradient": 0,
        "gridPos": {
          "h": 7,
          "w": 6,
          "x": 12,
          "y": 12
        },
        "hiddenSeries": false,
        "id": 97,
        "legend": {
          "avg": false,
          "current": false,
          "max": false,
          "min": false,
          "show": true,
          "total": false,
          "values": false
        },
        "lines": true,
        "linewidth": 1,
        "links": [],
        "nullPointMode": "null",
        "options": {
          "alertThreshold": true
        },
        "paceLength": 10,
        "percentage": false,
        "pluginVersion": "9.3.8",
        "pointradius": 5,
        "points": false,
        "renderer": "flot",
        "seriesOverrides": [],
        "spaceLength": 10,
        "stack": false,
        "steppedLine": false,
        "targets": [
          {
            "datasource": {
              "type": "prometheus",
              "uid": "prometheus"
            },
            "expr": "sum(rate(jvm_gc_collection_seconds_count{namespace=\"$kubernetes_namespace\",kubernetes_pod_name=~\"$strimzi_cluster_name-$kafka_broker\",strimzi_io_name=\"$strimzi_cluster_name-kafka\"}[5m])) by (kubernetes_pod_name)",
            "format": "time_series",
            "intervalFactor": 1,
            "legendFormat": "{{kubernetes_pod_name}}",
            "refId": "A"
          }
        ],
        "thresholds": [],
        "timeRegions": [],
        "title": "JVM GC Count",
        "tooltip": {
          "shared": true,
          "sort": 0,
          "value_type": "individual"
        },
        "type": "graph",
        "xaxis": {
          "mode": "time",
          "show": true,
          "values": []
        },
        "yaxes": [
          {
            "format": "short",
            "logBase": 1,
            "show": true
          },
          {
            "format": "short",
            "logBase": 1,
            "show": true
          }
        ],
        "yaxis": {
          "align": false
        }
      },
      {
        "aliasColors": {},
        "bars": false,
        "dashLength": 10,
        "dashes": false,
        "datasource": {
          "type": "prometheus",
          "uid": "prometheus"
        },
        "description": "JVM thread count",
        "fill": 1,
        "fillGradient": 0,
        "gridPos": {
          "h": 7,
          "w": 6,
          "x": 18,
          "y": 12
        },
        "hiddenSeries": false,
        "id": 108,
        "legend": {
          "avg": false,
          "current": false,
          "max": false,
          "min": false,
          "show": true,
          "total": false,
          "values": false
        },
        "lines": true,
        "linewidth": 1,
        "links": [],
        "nullPointMode": "null",
        "options": {
          "alertThreshold": true
        },
        "paceLength": 10,
        "percentage": false,
        "pluginVersion": "9.3.8",
        "pointradius": 5,
        "points": false,
        "renderer": "flot",
        "seriesOverrides": [],
        "spaceLength": 10,
        "stack": false,
        "steppedLine": false,
        "targets": [
          {
            "datasource": {
              "type": "prometheus",
              "uid": "prometheus"
            },
            "expr": "sum(jvm_threads_current{namespace=\"$kubernetes_namespace\",kubernetes_pod_name=~\"$strimzi_cluster_name-$kafka_broker\",strimzi_io_name=\"$strimzi_cluster_name-kafka\"}) by (kubernetes_pod_name)",
            "format": "time_series",
            "intervalFactor": 1,
            "legendFormat": "{{kubernetes_pod_name}}",
            "refId": "A"
          }
        ],
        "thresholds": [],
        "timeRegions": [],
        "title": "JVM Thread Count",
        "tooltip": {
          "shared": true,
          "sort": 0,
          "value_type": "individual"
        },
        "type": "graph",
        "xaxis": {
          "mode": "time",
          "show": true,
          "values": []
        },
        "yaxes": [
          {
            "format": "short",
            "logBase": 1,
            "show": true
          },
          {
            "format": "short",
            "logBase": 1,
            "show": true
          }
        ],
        "yaxis": {
          "align": false
        }
      },
      {
        "datasource": {
          "type": "prometheus",
          "uid": "prometheus"
        },
        "description": "Total incoming byte rate",
        "fieldConfig": {
          "defaults": {
            "color": {
              "mode": "thresholds"
            },
            "mappings": [
              {
                "options": {
                  "match": "null",
                  "result": {
                    "color": "rgba(237, 129, 40, 0.89)",
                    "text": "0"
                  }
                },
                "type": "special"
              }
            ],
            "thresholds": {
              "mode": "absolute",
              "steps": [
                {
                  "color": "#d44a3a",
                  "value": null
                },
                {
                  "color": "rgba(237, 129, 40, 0.89)",
                  "value": 0
                },
                {
                  "color": "#299c46",
                  "value": 2
                }
              ]
            },
            "unit": "Bps"
          },
          "overrides": []
        },
        "gridPos": {
          "h": 4,
          "w": 6,
          "x": 0,
          "y": 19
        },
        "id": 98,
        "links": [],
        "maxDataPoints": 100,
        "options": {
          "colorMode": "value",
          "graphMode": "none",
          "justifyMode": "auto",
          "orientation": "horizontal",
          "reduceOptions": {
            "calcs": [
              "lastNotNull"
            ],
            "fields": "",
            "values": false
          },
          "textMode": "auto"
        },
        "pluginVersion": "9.3.8",
        "repeatDirection": "h",
        "targets": [
          {
            "datasource": {
              "type": "prometheus",
              "uid": "prometheus"
            },
            "expr": "sum(irate(kafka_server_brokertopicmetrics_bytesin_total{namespace=\"$kubernetes_namespace\",strimzi_io_cluster=\"$strimzi_cluster_name\",topic=~\"$kafka_topic\",topic!=\"\",kubernetes_pod_name=~\"$strimzi_cluster_name-$kafka_broker\"}[1m]))",
            "format": "time_series",
            "hide": false,
            "intervalFactor": 1,
            "legendFormat": "",
            "refId": "A"
          }
        ],
        "title": "Total Incoming Byte Rate",
        "type": "stat"
      },
      {
        "datasource": {
          "type": "prometheus",
          "uid": "prometheus"
        },
        "description": "Total outgoing byte rate",
        "fieldConfig": {
          "defaults": {
            "color": {
              "mode": "thresholds"
            },
            "mappings": [
              {
                "options": {
                  "match": "null",
                  "result": {
                    "color": "rgba(237, 129, 40, 0.89)",
                    "text": "0"
                  }
                },
                "type": "special"
              }
            ],
            "thresholds": {
              "mode": "absolute",
              "steps": [
                {
                  "color": "#d44a3a",
                  "value": null
                },
                {
                  "color": "rgba(237, 129, 40, 0.89)",
                  "value": 0
                },
                {
                  "color": "#299c46",
                  "value": 2
                }
              ]
            },
            "unit": "Bps"
          },
          "overrides": []
        },
        "gridPos": {
          "h": 4,
          "w": 6,
          "x": 6,
          "y": 19
        },
        "id": 99,
        "links": [],
        "maxDataPoints": 100,
        "options": {
          "colorMode": "value",
          "graphMode": "none",
          "justifyMode": "auto",
          "orientation": "horizontal",
          "reduceOptions": {
            "calcs": [
              "lastNotNull"
            ],
            "fields": "",
            "values": false
          },
          "textMode": "auto"
        },
        "pluginVersion": "9.3.8",
        "repeatDirection": "h",
        "targets": [
          {
            "datasource": {
              "type": "prometheus",
              "uid": "prometheus"
            },
            "expr": "sum(irate(kafka_server_brokertopicmetrics_bytesout_total{namespace=\"$kubernetes_namespace\",strimzi_io_cluster=\"$strimzi_cluster_name\",topic=~\"$kafka_topic\",topic!=\"\",kubernetes_pod_name=~\"$strimzi_cluster_name-$kafka_broker\"}[1m]))",
            "format": "time_series",
            "hide": false,
            "intervalFactor": 1,
            "legendFormat": "",
            "refId": "A"
          }
        ],
        "title": "Total Outgoing Byte Rate",
        "type": "stat"
      },
      {
        "datasource": {
          "type": "prometheus",
          "uid": "prometheus"
        },
        "description": "Incoming messages rate",
        "fieldConfig": {
          "defaults": {
            "color": {
              "mode": "thresholds"
            },
            "mappings": [
              {
                "options": {
                  "match": "null",
                  "result": {
                    "color": "rgba(237, 129, 40, 0.89)",
                    "text": "0"
                  }
                },
                "type": "special"
              }
            ],
            "thresholds": {
              "mode": "absolute",
              "steps": [
                {
                  "color": "#d44a3a",
                  "value": null
                },
                {
                  "color": "rgba(237, 129, 40, 0.89)",
                  "value": 0
                },
                {
                  "color": "#299c46",
                  "value": 2
                }
              ]
            },
            "unit": "wps"
          },
          "overrides": []
        },
        "gridPos": {
          "h": 4,
          "w": 6,
          "x": 12,
          "y": 19
        },
        "id": 100,
        "links": [],
        "maxDataPoints": 100,
        "options": {
          "colorMode": "value",
          "graphMode": "none",
          "justifyMode": "auto",
          "orientation": "horizontal",
          "reduceOptions": {
            "calcs": [
              "lastNotNull"
            ],
            "fields": "",
            "values": false
          },
          "textMode": "auto"
        },
        "pluginVersion": "9.3.8",
        "repeatDirection": "h",
        "targets": [
          {
            "datasource": {
              "type": "prometheus",
              "uid": "prometheus"
            },
            "expr": "sum(irate(kafka_server_brokertopicmetrics_messagesin_total{namespace=\"$kubernetes_namespace\",strimzi_io_cluster=\"$strimzi_cluster_name\",topic=~\"$kafka_topic\",topic!=\"\",kubernetes_pod_name=~\"$strimzi_cluster_name-$kafka_broker\"}[1m]))",
            "format": "time_series",
            "hide": false,
            "intervalFactor": 1,
            "legendFormat": "",
            "refId": "A"
          }
        ],
        "title": "Incoming Messages Rate",
        "type": "stat"
      },
      {
        "datasource": {
          "type": "prometheus",
          "uid": "prometheus"
        },
        "description": "Total produce request rate",
        "fieldConfig": {
          "defaults": {
            "color": {
              "mode": "thresholds"
            },
            "mappings": [
              {
                "options": {
                  "match": "null",
                  "result": {
                    "color": "rgba(237, 129, 40, 0.89)",
                    "text": "0"
                  }
                },
                "type": "special"
              }
            ],
            "thresholds": {
              "mode": "absolute",
              "steps": [
                {
                  "color": "#d44a3a",
                  "value": null
                },
                {
                  "color": "rgba(237, 129, 40, 0.89)",
                  "value": 0
                },
                {
                  "color": "#299c46",
                  "value": 2
                }
              ]
            },
            "unit": "reqps"
          },
          "overrides": []
        },
        "gridPos": {
          "h": 4,
          "w": 6,
          "x": 18,
          "y": 19
        },
        "id": 101,
        "links": [],
        "maxDataPoints": 100,
        "options": {
          "colorMode": "value",
          "graphMode": "none",
          "justifyMode": "auto",
          "orientation": "horizontal",
          "reduceOptions": {
            "calcs": [
              "lastNotNull"
            ],
            "fields": "",
            "values": false
          },
          "textMode": "auto"
        },
        "pluginVersion": "9.3.8",
        "repeatDirection": "h",
        "targets": [
          {
            "datasource": {
              "type": "prometheus",
              "uid": "prometheus"
            },
            "expr": "sum(irate(kafka_server_brokertopicmetrics_totalproducerequests_total{namespace=\"$kubernetes_namespace\",strimzi_io_cluster=\"$strimzi_cluster_name\",topic=~\"$kafka_topic\",topic!=\"\",kubernetes_pod_name=~\"$strimzi_cluster_name-$kafka_broker\"}[1m]))",
            "format": "time_series",
            "hide": false,
            "intervalFactor": 1,
            "legendFormat": "",
            "refId": "A"
          }
        ],
        "title": "Total Produce Request Rate",
        "type": "stat"
      },
      {
        "aliasColors": {},
        "bars": false,
        "dashLength": 10,
        "dashes": false,
        "datasource": {
          "type": "prometheus",
          "uid": "prometheus"
        },
        "description": "Byte rate",
        "fill": 1,
        "fillGradient": 0,
        "gridPos": {
          "h": 8,
          "w": 12,
          "x": 0,
          "y": 23
        },
        "hiddenSeries": false,
        "id": 44,
        "legend": {
          "alignAsTable": false,
          "avg": false,
          "current": false,
          "hideEmpty": false,
          "hideZero": false,
          "max": false,
          "min": false,
          "rightSide": false,
          "show": true,
          "total": false,
          "values": false
        },
        "lines": true,
        "linewidth": 1,
        "links": [],
        "nullPointMode": "null",
        "options": {
          "alertThreshold": true
        },
        "paceLength": 10,
        "percentage": false,
        "pluginVersion": "9.3.8",
        "pointradius": 5,
        "points": false,
        "renderer": "flot",
        "seriesOverrides": [],
        "spaceLength": 10,
        "stack": false,
        "steppedLine": false,
        "targets": [
          {
            "datasource": {
              "type": "prometheus",
              "uid": "prometheus"
            },
            "expr": "sum(irate(kafka_server_brokertopicmetrics_bytesin_total{namespace=\"$kubernetes_namespace\",strimzi_io_cluster=\"$strimzi_cluster_name\",topic=~\"$kafka_topic\",topic!=\"\",kubernetes_pod_name=~\"$strimzi_cluster_name-$kafka_broker\"}[1m]))",
            "format": "time_series",
            "hide": false,
            "instant": false,
            "interval": "",
            "intervalFactor": 1,
            "legendFormat": "Total Incoming Byte Rate",
            "refId": "A"
          },
          {
            "datasource": {
              "type": "prometheus",
              "uid": "prometheus"
            },
            "expr": "sum(irate(kafka_server_brokertopicmetrics_bytesout_total{namespace=\"$kubernetes_namespace\",strimzi_io_cluster=\"$strimzi_cluster_name\",topic=~\"$kafka_topic\",topic!=\"\",kubernetes_pod_name=~\"$strimzi_cluster_name-$kafka_broker\"}[1m]))",
            "format": "time_series",
            "hide": false,
            "intervalFactor": 1,
            "legendFormat": "Total Outgoing Byte Rate",
            "refId": "B"
          }
        ],
        "thresholds": [],
        "timeRegions": [],
        "title": "Byte Rate",
        "tooltip": {
          "shared": true,
          "sort": 0,
          "value_type": "individual"
        },
        "type": "graph",
        "xaxis": {
          "mode": "time",
          "show": true,
          "values": []
        },
        "yaxes": [
          {
            "format": "bytes",
            "label": "",
            "logBase": 1,
            "show": true
          },
          {
            "format": "short",
            "logBase": 1,
            "show": true
          }
        ],
        "yaxis": {
          "align": false
        }
      },
      {
        "aliasColors": {},
        "bars": false,
        "dashLength": 10,
        "dashes": false,
        "datasource": {
          "type": "prometheus",
          "uid": "prometheus"
        },
        "fill": 1,
        "fillGradient": 0,
        "gridPos": {
          "h": 8,
          "w": 12,
          "x": 12,
          "y": 23
        },
        "hiddenSeries": false,
        "id": 58,
        "legend": {
          "alignAsTable": false,
          "avg": false,
          "current": false,
          "max": false,
          "min": false,
          "show": true,
          "total": false,
          "values": false
        },
        "lines": true,
        "linewidth": 1,
        "links": [],
        "nullPointMode": "null",
        "options": {
          "alertThreshold": true
        },
        "paceLength": 10,
        "percentage": false,
        "pluginVersion": "9.3.8",
        "pointradius": 5,
        "points": false,
        "renderer": "flot",
        "seriesOverrides": [],
        "spaceLength": 10,
        "stack": false,
        "steppedLine": false,
        "targets": [
          {
            "datasource": {
              "type": "prometheus",
              "uid": "prometheus"
            },
            "expr": "sum(irate(kafka_server_brokertopicmetrics_messagesin_total{namespace=\"$kubernetes_namespace\",strimzi_io_cluster=\"$strimzi_cluster_name\",topic=~\"$kafka_topic\",topic!=\"\",kubernetes_pod_name=~\"$strimzi_cluster_name-$kafka_broker\"}[1m]))",
            "format": "time_series",
            "intervalFactor": 1,
            "legendFormat": "Total Incoming Messages Rate",
            "refId": "D"
          }
        ],
        "thresholds": [],
        "timeRegions": [],
        "title": "Messages In Per Second",
        "tooltip": {
          "shared": true,
          "sort": 0,
          "value_type": "individual"
        },
        "type": "graph",
        "xaxis": {
          "mode": "time",
          "show": true,
          "values": []
        },
        "yaxes": [
          {
            "format": "short",
            "logBase": 1,
            "show": true
          },
          {
            "format": "short",
            "logBase": 1,
            "show": true
          }
        ],
        "yaxis": {
          "align": false
        }
      },
      {
        "aliasColors": {},
        "bars": false,
        "dashLength": 10,
        "dashes": false,
        "datasource": {
          "type": "prometheus",
          "uid": "prometheus"
        },
        "description": "Produce request rate",
        "fill": 1,
        "fillGradient": 0,
        "gridPos": {
          "h": 8,
          "w": 12,
          "x": 0,
          "y": 31
        },
        "hiddenSeries": false,
        "id": 50,
        "legend": {
          "avg": false,
          "current": false,
          "max": false,
          "min": false,
          "show": true,
          "total": false,
          "values": false
        },
        "lines": true,
        "linewidth": 1,
        "links": [],
        "nullPointMode": "null",
        "options": {
          "alertThreshold": true
        },
        "paceLength": 10,
        "percentage": false,
        "pluginVersion": "9.3.8",
        "pointradius": 5,
        "points": false,
        "renderer": "flot",
        "seriesOverrides": [],
        "spaceLength": 10,
        "stack": false,
        "steppedLine": false,
        "targets": [
          {
            "datasource": {
              "type": "prometheus",
              "uid": "prometheus"
            },
            "expr": "sum(irate(kafka_server_brokertopicmetrics_totalproducerequests_total{namespace=\"$kubernetes_namespace\",strimzi_io_cluster=\"$strimzi_cluster_name\",topic=~\"$kafka_topic\",topic!=\"\",kubernetes_pod_name=~\"$strimzi_cluster_name-$kafka_broker\"}[1m]))",
            "format": "time_series",
            "intervalFactor": 1,
            "legendFormat": "Total Produce Request Rate",
            "refId": "A"
          },
          {
            "datasource": {
              "type": "prometheus",
              "uid": "prometheus"
            },
            "expr": "sum(irate(kafka_server_brokertopicmetrics_failedproducerequests_total{namespace=\"$kubernetes_namespace\",strimzi_io_cluster=\"$strimzi_cluster_name\",topic=~\"$kafka_topic\",topic!=\"\",kubernetes_pod_name=~\"$strimzi_cluster_name-$kafka_broker\"}[1m]))",
            "format": "time_series",
            "hide": false,
            "intervalFactor": 1,
            "legendFormat": "Failed Produce Request Rate",
            "refId": "B"
          }
        ],
        "thresholds": [],
        "timeRegions": [],
        "title": "Produce Request Rate",
        "tooltip": {
          "shared": true,
          "sort": 0,
          "value_type": "individual"
        },
        "type": "graph",
        "xaxis": {
          "mode": "time",
          "show": true,
          "values": []
        },
        "yaxes": [
          {
            "format": "short",
            "logBase": 1,
            "show": true
          },
          {
            "format": "short",
            "logBase": 1,
            "show": true
          }
        ],
        "yaxis": {
          "align": false
        }
      },
      {
        "aliasColors": {},
        "bars": false,
        "dashLength": 10,
        "dashes": false,
        "datasource": {
          "type": "prometheus",
          "uid": "prometheus"
        },
        "description": "Fetch request rate",
        "fill": 1,
        "fillGradient": 0,
        "gridPos": {
          "h": 8,
          "w": 12,
          "x": 12,
          "y": 31
        },
        "hiddenSeries": false,
        "id": 56,
        "legend": {
          "avg": false,
          "current": false,
          "max": false,
          "min": false,
          "show": true,
          "total": false,
          "values": false
        },
        "lines": true,
        "linewidth": 1,
        "links": [],
        "nullPointMode": "null",
        "options": {
          "alertThreshold": true
        },
        "paceLength": 10,
        "percentage": false,
        "pluginVersion": "9.3.8",
        "pointradius": 5,
        "points": false,
        "renderer": "flot",
        "seriesOverrides": [],
        "spaceLength": 10,
        "stack": false,
        "steppedLine": false,
        "targets": [
          {
            "datasource": {
              "type": "prometheus",
              "uid": "prometheus"
            },
            "expr": "sum(irate(kafka_server_brokertopicmetrics_totalfetchrequests_total{namespace=\"$kubernetes_namespace\",strimzi_io_cluster=\"$strimzi_cluster_name\",topic=~\"$kafka_topic\",topic!=\"\",kubernetes_pod_name=~\"$strimzi_cluster_name-$kafka_broker\"}[1m]))",
            "format": "time_series",
            "intervalFactor": 1,
            "legendFormat": "Fetch Request Rate",
            "refId": "A"
          },
          {
            "datasource": {
              "type": "prometheus",
              "uid": "prometheus"
            },
            "expr": "  sum(irate(kafka_server_brokertopicmetrics_failedfetchrequests_total{namespace=\"$kubernetes_namespace\",strimzi_io_cluster=\"$strimzi_cluster_name\",topic=~\"$kafka_topic\",topic!=\"\",kubernetes_pod_name=~\"$strimzi_cluster_name-$kafka_broker\"}[1m]))",
            "format": "time_series",
            "intervalFactor": 1,
            "legendFormat": "Failed Fetch Request Rate",
            "refId": "B"
          }
        ],
        "thresholds": [],
        "timeRegions": [],
        "title": "Fetch Request Rate",
        "tooltip": {
          "shared": true,
          "sort": 0,
          "value_type": "individual"
        },
        "type": "graph",
        "xaxis": {
          "mode": "time",
          "show": true,
          "values": []
        },
        "yaxes": [
          {
            "format": "short",
            "logBase": 1,
            "show": true
          },
          {
            "format": "short",
            "logBase": 1,
            "show": true
          }
        ],
        "yaxis": {
          "align": false
        }
      },
      {
        "aliasColors": {},
        "bars": false,
        "dashLength": 10,
        "dashes": false,
        "datasource": {
          "type": "prometheus",
          "uid": "prometheus"
        },
        "description": "Average percentage of time network processor is idle",
        "fill": 1,
        "fillGradient": 0,
        "gridPos": {
          "h": 8,
          "w": 12,
          "x": 0,
          "y": 39
        },
        "hiddenSeries": false,
        "id": 60,
        "legend": {
          "avg": false,
          "current": false,
          "max": false,
          "min": false,
          "show": true,
          "total": false,
          "values": false
        },
        "lines": true,
        "linewidth": 1,
        "links": [],
        "nullPointMode": "null",
        "options": {
          "alertThreshold": true
        },
        "paceLength": 10,
        "percentage": false,
        "pluginVersion": "9.3.8",
        "pointradius": 5,
        "points": false,
        "renderer": "flot",
        "seriesOverrides": [],
        "spaceLength": 10,
        "stack": false,
        "steppedLine": false,
        "targets": [
          {
            "datasource": {
              "type": "prometheus",
              "uid": "prometheus"
            },
            "expr": "sum(kafka_network_socketserver_networkprocessoravgidle_percent{namespace=\"$kubernetes_namespace\",strimzi_io_cluster=\"$strimzi_cluster_name\",kubernetes_pod_name=~\"$strimzi_cluster_name-$kafka_broker\"}*100) by (kubernetes_pod_name)",
            "format": "time_series",
            "intervalFactor": 1,
            "legendFormat": "{{kubernetes_pod_name}}",
            "refId": "A"
          }
        ],
        "thresholds": [],
        "timeRegions": [],
        "title": "Network Processor Avg Idle Percent",
        "tooltip": {
          "shared": true,
          "sort": 0,
          "value_type": "individual"
        },
        "type": "graph",
        "xaxis": {
          "mode": "time",
          "show": true,
          "values": []
        },
        "yaxes": [
          {
            "format": "percent",
            "logBase": 1,
            "show": true
          },
          {
            "format": "short",
            "logBase": 1,
            "show": true
          }
        ],
        "yaxis": {
          "align": false
        }
      },
      {
        "aliasColors": {},
        "bars": false,
        "dashLength": 10,
        "dashes": false,
        "datasource": {
          "type": "prometheus",
          "uid": "prometheus"
        },
        "description": "Average percentage of time request handler threads are idle",
        "fill": 1,
        "fillGradient": 0,
        "gridPos": {
          "h": 8,
          "w": 12,
          "x": 12,
          "y": 39
        },
        "hiddenSeries": false,
        "id": 62,
        "legend": {
          "avg": false,
          "current": false,
          "max": false,
          "min": false,
          "show": true,
          "total": false,
          "values": false
        },
        "lines": true,
        "linewidth": 1,
        "links": [],
        "nullPointMode": "null",
        "options": {
          "alertThreshold": true
        },
        "paceLength": 10,
        "percentage": false,
        "pluginVersion": "9.3.8",
        "pointradius": 5,
        "points": false,
        "renderer": "flot",
        "seriesOverrides": [],
        "spaceLength": 10,
        "stack": false,
        "steppedLine": false,
        "targets": [
          {
            "datasource": {
              "type": "prometheus",
              "uid": "prometheus"
            },
            "expr": "sum(kafka_server_kafkarequesthandlerpool_requesthandleravgidle_percent{namespace=\"$kubernetes_namespace\",strimzi_io_cluster=\"$strimzi_cluster_name\",kubernetes_pod_name=~\"$strimzi_cluster_name-$kafka_broker\"}*100) by (kubernetes_pod_name)",
            "format": "time_series",
            "hide": false,
            "intervalFactor": 1,
            "legendFormat": "{{kubernetes_pod_name}}",
            "refId": "A"
          }
        ],
        "thresholds": [],
        "timeRegions": [],
        "title": "Request Handler Avg Idle Percent",
        "tooltip": {
          "shared": true,
          "sort": 0,
          "value_type": "individual"
        },
        "type": "graph",
        "xaxis": {
          "mode": "time",
          "show": true,
          "values": []
        },
        "yaxes": [
          {
            "format": "percent",
            "logBase": 1,
            "show": true
          },
          {
            "format": "short",
            "logBase": 1,
            "show": true
          }
        ],
        "yaxis": {
          "align": false
        }
      },
      {
        "aliasColors": {},
        "bars": false,
        "dashLength": 10,
        "dashes": false,
        "datasource": {
          "type": "prometheus",
          "uid": "prometheus"
        },
        "description": "Disk writes",
        "fill": 1,
        "fillGradient": 0,
        "gridPos": {
          "h": 8,
          "w": 8,
          "x": 0,
          "y": 47
        },
        "hiddenSeries": false,
        "id": 104,
        "legend": {
          "avg": false,
          "current": false,
          "max": false,
          "min": false,
          "show": true,
          "total": false,
          "values": false
        },
        "lines": true,
        "linewidth": 1,
        "links": [],
        "nullPointMode": "null",
        "options": {
          "alertThreshold": true
        },
        "paceLength": 10,
        "percentage": false,
        "pluginVersion": "9.3.8",
        "pointradius": 5,
        "points": false,
        "renderer": "flot",
        "seriesOverrides": [],
        "spaceLength": 10,
        "stack": false,
        "steppedLine": false,
        "targets": [
          {
            "datasource": {
              "type": "prometheus",
              "uid": "prometheus"
            },
            "expr": "sum(irate(kafka_server_kafkaserver_linux_disk_write_bytes{namespace=\"$kubernetes_namespace\",strimzi_io_cluster=\"$strimzi_cluster_name\",kubernetes_pod_name=~\"$strimzi_cluster_name-$kafka_broker\"}[1m])) by (kubernetes_pod_name)",
            "format": "time_series",
            "hide": false,
            "intervalFactor": 1,
            "legendFormat": "{{kubernetes_pod_name}}",
            "refId": "A"
          }
        ],
        "thresholds": [],
        "timeRegions": [],
        "title": "Disk Writes",
        "tooltip": {
          "shared": true,
          "sort": 0,
          "value_type": "individual"
        },
        "type": "graph",
        "xaxis": {
          "mode": "time",
          "show": true,
          "values": []
        },
        "yaxes": [
          {
            "format": "bytes",
            "logBase": 1,
            "show": true
          },
          {
            "format": "short",
            "logBase": 1,
            "show": true
          }
        ],
        "yaxis": {
          "align": false
        }
      },
      {
        "aliasColors": {},
        "bars": false,
        "dashLength": 10,
        "dashes": false,
        "datasource": {
          "type": "prometheus",
          "uid": "prometheus"
        },
        "description": "Disk reads",
        "fill": 1,
        "fillGradient": 0,
        "gridPos": {
          "h": 8,
          "w": 8,
          "x": 8,
          "y": 47
        },
        "hiddenSeries": false,
        "id": 105,
        "legend": {
          "avg": false,
          "current": false,
          "max": false,
          "min": false,
          "show": true,
          "total": false,
          "values": false
        },
        "lines": true,
        "linewidth": 1,
        "links": [],
        "nullPointMode": "null",
        "options": {
          "alertThreshold": true
        },
        "paceLength": 10,
        "percentage": false,
        "pluginVersion": "9.3.8",
        "pointradius": 5,
        "points": false,
        "renderer": "flot",
        "seriesOverrides": [],
        "spaceLength": 10,
        "stack": false,
        "steppedLine": false,
        "targets": [
          {
            "datasource": {
              "type": "prometheus",
              "uid": "prometheus"
            },
            "expr": "sum(irate(kafka_server_kafkaserver_linux_disk_read_bytes{namespace=\"$kubernetes_namespace\",strimzi_io_cluster=\"$strimzi_cluster_name\",kubernetes_pod_name=~\"$strimzi_cluster_name-$kafka_broker\"}[1m])) by (kubernetes_pod_name)",
            "format": "time_series",
            "hide": false,
            "intervalFactor": 1,
            "legendFormat": "{{kubernetes_pod_name}}",
            "refId": "A"
          }
        ],
        "thresholds": [],
        "timeRegions": [],
        "title": "Disk Reads",
        "tooltip": {
          "shared": true,
          "sort": 0,
          "value_type": "individual"
        },
        "type": "graph",
        "xaxis": {
          "mode": "time",
          "show": true,
          "values": []
        },
        "yaxes": [
          {
            "format": "bytes",
            "logBase": 1,
            "show": true
          },
          {
            "format": "short",
            "logBase": 1,
            "show": true
          }
        ],
        "yaxis": {
          "align": false
        }
      },
      {
        "aliasColors": {},
        "bars": false,
        "dashLength": 10,
        "dashes": false,
        "datasource": {
          "type": "prometheus",
          "uid": "prometheus"
        },
        "description": "Disk reads",
        "fill": 1,
        "fillGradient": 0,
        "gridPos": {
          "h": 8,
          "w": 8,
          "x": 16,
          "y": 47
        },
        "hiddenSeries": false,
        "id": 106,
        "legend": {
          "avg": false,
          "current": false,
          "max": false,
          "min": false,
          "show": true,
          "total": false,
          "values": false
        },
        "lines": true,
        "linewidth": 1,
        "links": [],
        "nullPointMode": "null",
        "options": {
          "alertThreshold": true
        },
        "paceLength": 10,
        "percentage": false,
        "pluginVersion": "9.3.8",
        "pointradius": 5,
        "points": false,
        "renderer": "flot",
        "seriesOverrides": [],
        "spaceLength": 10,
        "stack": true,
        "steppedLine": false,
        "targets": [
          {
            "datasource": {
              "type": "prometheus",
              "uid": "prometheus"
            },
            "expr": "sum(kafka_server_socket_server_metrics_connection_count{namespace=\"$kubernetes_namespace\",strimzi_io_cluster=\"$strimzi_cluster_name\",kubernetes_pod_name=~\"$strimzi_cluster_name-$kafka_broker\"}) by (kubernetes_pod_name, listener)",
            "format": "time_series",
            "hide": false,
            "intervalFactor": 1,
            "legendFormat": "{{listener}}-{{kubernetes_pod_name}}",
            "refId": "A"
          }
        ],
        "thresholds": [],
        "timeRegions": [],
        "title": "Connection Count per Listener",
        "tooltip": {
          "shared": true,
          "sort": 0,
          "value_type": "individual"
        },
        "type": "graph",
        "xaxis": {
          "mode": "time",
          "show": true,
          "values": []
        },
        "yaxes": [
          {
            "format": "none",
            "logBase": 1,
            "show": true
          },
          {
            "format": "short",
            "logBase": 1,
            "show": true
          }
        ],
        "yaxis": {
          "align": false
        }
      },
      {
        "aliasColors": {},
        "bars": false,
        "dashLength": 10,
        "dashes": false,
        "datasource": {
          "type": "prometheus",
          "uid": "prometheus"
        },
        "fill": 1,
        "fillGradient": 0,
        "gridPos": {
          "h": 13,
          "w": 24,
          "x": 0,
          "y": 55
        },
        "hiddenSeries": false,
        "id": 91,
        "legend": {
          "avg": false,
          "current": false,
          "max": false,
          "min": false,
          "show": true,
          "total": false,
          "values": false
        },
        "lines": true,
        "linewidth": 1,
        "links": [],
        "nullPointMode": "null",
        "options": {
          "alertThreshold": true
        },
        "paceLength": 10,
        "percentage": false,
        "pluginVersion": "9.3.8",
        "pointradius": 5,
        "points": false,
        "renderer": "flot",
        "seriesOverrides": [],
        "spaceLength": 10,
        "stack": false,
        "steppedLine": false,
        "targets": [
          {
            "datasource": {
              "type": "prometheus",
              "uid": "prometheus"
            },
            "expr": "kafka_log_log_size{namespace=\"$kubernetes_namespace\",strimzi_io_cluster=\"$strimzi_cluster_name\",kubernetes_pod_name=~\"$strimzi_cluster_name-$kafka_broker\",topic=~\"$kafka_topic\",partition=~\"$kafka_partition\"}",
            "format": "time_series",
            "instant": false,
            "intervalFactor": 1,
            "legendFormat": "{{topic}}:{{partition}}",
            "refId": "A"
          }
        ],
        "thresholds": [],
        "timeRegions": [],
        "title": "Log Size",
        "tooltip": {
          "shared": true,
          "sort": 0,
          "value_type": "individual"
        },
        "type": "graph",
        "xaxis": {
          "mode": "time",
          "show": true,
          "values": []
        },
        "yaxes": [
          {
            "format": "bytes",
            "logBase": 1,
            "show": true
          },
          {
            "format": "short",
            "logBase": 1,
            "show": true
          }
        ],
        "yaxis": {
          "align": false
        }
      }
    ],
    "refresh": "5s",
    "schemaVersion": 37,
    "style": "dark",
    "tags": [
      "Strimzi",
      "Kafka"
    ],
    "templating": {
      "list": [
        {
          "current": {
            "selected": false,
            "text": "strimzi",
            "value": "strimzi"
          },
          "datasource": {
            "type": "prometheus",
            "uid": "prometheus"
          },
          "definition": "",
          "hide": 0,
          "includeAll": false,
          "label": "Namespace",
          "multi": false,
          "name": "kubernetes_namespace",
          "options": [],
          "query": {
            "query": "query_result(kafka_server_replicamanager_leadercount)",
            "refId": "Prometheus-kubernetes_namespace-Variable-Query"
          },
          "refresh": 1,
          "regex": "/.*namespace=\"([^\"]*).*/",
          "skipUrlSync": false,
          "sort": 0,
          "tagValuesQuery": "",
          "tagsQuery": "",
          "type": "query",
          "useTags": false
        },
        {
          "current": {
            "selected": true,
            "text": "cluster",
            "value": "cluster"
          },
          "datasource": {
            "type": "prometheus",
            "uid": "prometheus"
          },
          "definition": "",
          "hide": 0,
          "includeAll": false,
          "label": "Cluster Name",
          "multi": false,
          "name": "strimzi_cluster_name",
          "options": [],
          "query": {
            "query": "query_result(kafka_server_replicamanager_leadercount{namespace=\"$kubernetes_namespace\"})",
            "refId": "Prometheus-strimzi_cluster_name-Variable-Query"
          },
          "refresh": 1,
          "regex": "/.*strimzi_io_cluster=\"([^\"]*).*/",
          "skipUrlSync": false,
          "sort": 0,
          "tagValuesQuery": "",
          "tagsQuery": "",
          "type": "query",
          "useTags": false
        },
        {
          "allValue": ".*",
          "current": {
            "selected": true,
            "text": "All",
            "value": "$__all"
          },
          "datasource": {
            "type": "prometheus",
            "uid": "prometheus"
          },
          "definition": "",
          "hide": 0,
          "includeAll": true,
          "label": "Broker",
          "multi": false,
          "name": "kafka_broker",
          "options": [],
          "query": {
            "query": "query_result(kafka_server_replicamanager_leadercount{namespace=\"$kubernetes_namespace\",strimzi_io_cluster=\"$strimzi_cluster_name\"})",
            "refId": "Prometheus-kafka_broker-Variable-Query"
          },
          "refresh": 1,
          "regex": "/.*pod_name=\"$strimzi_cluster_name-([^\"]*).*/",
          "skipUrlSync": false,
          "sort": 0,
          "tagValuesQuery": "",
          "tagsQuery": "",
          "type": "query",
          "useTags": false
        },
        {
          "allValue": ".+",
          "current": {
            "selected": true,
            "text": "kafka-stress",
            "value": "kafka-stress"
          },
          "datasource": {
            "type": "prometheus",
            "uid": "prometheus"
          },
          "definition": "",
          "hide": 0,
          "includeAll": true,
          "label": "Topic",
          "multi": false,
          "name": "kafka_topic",
          "options": [],
          "query": {
            "query": "query_result(kafka_cluster_partition_replicascount{namespace=\"$kubernetes_namespace\",strimzi_io_cluster=\"$strimzi_cluster_name\",kubernetes_pod_name=~\"$strimzi_cluster_name-$kafka_broker\"})",
            "refId": "Prometheus-kafka_topic-Variable-Query"
          },
          "refresh": 1,
          "regex": "/.*topic=\"([^\"]*).*/",
          "skipUrlSync": false,
          "sort": 0,
          "tagValuesQuery": "",
          "tagsQuery": "",
          "type": "query",
          "useTags": false
        },
        {
          "allValue": ".*",
          "current": {
            "selected": false,
            "text": "All",
            "value": "$__all"
          },
          "datasource": {
            "type": "prometheus",
            "uid": "prometheus"
          },
          "definition": "",
          "hide": 0,
          "includeAll": true,
          "label": "Partition",
          "multi": true,
          "name": "kafka_partition",
          "options": [],
          "query": {
            "query": "query_result(kafka_log_log_size{namespace=\"$kubernetes_namespace\",strimzi_io_cluster=\"$strimzi_cluster_name\",kubernetes_pod_name=~\"$strimzi_cluster_name-$kafka_broker\",topic=~\"$kafka_topic\"})",
            "refId": "Prometheus-kafka_partition-Variable-Query"
          },
          "refresh": 1,
          "regex": "/.*partition=\"([^\"]*).*/",
          "skipUrlSync": false,
          "sort": 3,
          "tagValuesQuery": "",
          "tagsQuery": "",
          "type": "query",
          "useTags": false
        }
      ]
    },
    "time": {
      "from": "now-1h",
      "to": "now"
    },
    "timepicker": {
      "refresh_intervals": [
        "5s",
        "10s",
        "30s",
        "1m",
        "5m",
        "15m",
        "30m",
        "1h",
        "2h",
        "1d"
      ],
      "time_options": [
        "5m",
        "15m",
        "1h",
        "6h",
        "12h",
        "24h",
        "2d",
        "7d",
        "30d"
      ]
    },
    "timezone": "",
    "title": "Strimzi Kafka",
    "uid": "86cc98e66c294b299b37102f0cc74ead",
    "version": 1,
    "weekStart": ""
  }