Resource Group,Resource Type,Location,Resource Name
myResourceGroup,Microsoft.Resources/resourceGroups,eastus,myResourceGroup
myResourceGroup,Microsoft.ContainerService/managedClusters,eastus,myAKSCluster
myResourceGroup,Microsoft.Insights/dataCollectionRules,eastus,MSCI-eastus-myAKSCluster
MC_myResourceGroup_myAKSCluster_eastus,Microsoft.Resources/resourceGroups,eastus,MC_myResourceGroup_myAKSCluster_eastus
MC_myResourceGroup_myAKSCluster_eastus,Microsoft.Compute/virtualMachineScaleSets,eastus,aks-nodepool1-98494208-vmss
MC_myResourceGroup_myAKSCluster_eastus,Microsoft.ManagedIdentity/userAssignedIdentities,eastus,myAKSCluster-agentpool
MC_myResourceGroup_myAKSCluster_eastus,Microsoft.Network/loadBalancers,eastus,kubernetes
MC_myResourceGroup_myAKSCluster_eastus,Microsoft.Network/networkSecurityGroups,eastus,aks-agentpool-39052019-nsg
MC_myResourceGroup_myAKSCluster_eastus,Microsoft.Network/publicIPAddresses,eastus,f7748544-7f1b-4d94-ae93-a58e0c0b5d38
MC_myResourceGroup_myAKSCluster_eastus,Microsoft.Network/routeTables,eastus,aks-agentpool-39052019-routetable
MC_myResourceGroup_myAKSCluster_eastus,Microsoft.Network/virtualNetworks,eastus,aks-vnet-39052019
