Resource Group,Resource Type,Location,Resource Name,ResourceID
rg-bu0001a0008,Microsoft.Resources/resourceGroups,eastus2,rg-bu0001a0008,/subscriptions/9800bc67-8c79-4be8-b6a7-9e536e752abf/resourceGroups/rg-bu0001a0008
rg-bu0001a0008,Microsoft.ContainerRegistry/registries,eastus2,acraksda0a362e8e930287,/subscriptions/9800bc67-8c79-4be8-b6a7-9e536e752abf/resourceGroups/rg-bu0001a0008/providers/Microsoft.ContainerRegistry/registries/acraksda0a362e8e930287
rg-bu0001a0008,Microsoft.ContainerRegistry/registries/replications,centralus,acraksda0a362e8e930287/centralus,/subscriptions/9800bc67-8c79-4be8-b6a7-9e536e752abf/resourceGroups/rg-bu0001a0008/providers/Microsoft.ContainerRegistry/registries/acraksda0a362e8e930287/replications/centralus
rg-bu0001a0008,Microsoft.ContainerRegistry/registries/replications,eastus2,acraksda0a362e8e930287/eastus2,/subscriptions/9800bc67-8c79-4be8-b6a7-9e536e752abf/resourceGroups/rg-bu0001a0008/providers/Microsoft.ContainerRegistry/registries/acraksda0a362e8e930287/replications/eastus2
rg-bu0001a0008,Microsoft.ContainerService/managedClusters,eastus2,aks-bu0001a0008-00,/subscriptions/9800bc67-8c79-4be8-b6a7-9e536e752abf/resourceGroups/rg-bu0001a0008/providers/Microsoft.ContainerService/managedClusters/aks-bu0001a0008-00
rg-bu0001a0008,Microsoft.EventGrid/systemTopics,eastus2,aks-bu0001a0008-00,/subscriptions/9800bc67-8c79-4be8-b6a7-9e536e752abf/resourceGroups/rg-bu0001a0008/providers/Microsoft.EventGrid/systemTopics/aks-bu0001a0008-00
rg-bu0001a0008,Microsoft.Insights/activityLogAlerts,global,AllAzureAdvisorAlert,/subscriptions/9800bc67-8c79-4be8-b6a7-9e536e752abf/resourceGroups/rg-bu0001a0008/providers/Microsoft.Insights/activityLogAlerts/AllAzureAdvisorAlert
rg-bu0001a0008,Microsoft.Insights/metricalerts,global,Container CPU usage violates the configured threshold for aks-bu0001a0008-00 CI-19,/subscriptions/9800bc67-8c79-4be8-b6a7-9e536e752abf/resourceGroups/rg-bu0001a0008/providers/Microsoft.Insights/metricalerts/Container%20CPU%20usage%20violates%20the%20configured%20threshold%20for%20aks-bu0001a0008-00%20CI-19
rg-bu0001a0008,Microsoft.Insights/metricalerts,global,Container working set memory usage violates the configured threshold for aks-bu0001a0008-00 CI-20,/subscriptions/9800bc67-8c79-4be8-b6a7-9e536e752abf/resourceGroups/rg-bu0001a0008/providers/Microsoft.Insights/metricalerts/Container%20working%20set%20memory%20usage%20violates%20the%20configured%20threshold%20for%20aks-bu0001a0008-00%20CI-20
rg-bu0001a0008,Microsoft.Insights/metricalerts,global,Containers getting OOM killed for aks-bu0001a0008-00 CI-6,/subscriptions/9800bc67-8c79-4be8-b6a7-9e536e752abf/resourceGroups/rg-bu0001a0008/providers/Microsoft.Insights/metricalerts/Containers%20getting%20OOM%20killed%20for%20aks-bu0001a0008-00%20CI-6
rg-bu0001a0008,Microsoft.Insights/metricalerts,global,Disk usage high for aks-bu0001a0008-00 CI-5,/subscriptions/9800bc67-8c79-4be8-b6a7-9e536e752abf/resourceGroups/rg-bu0001a0008/providers/Microsoft.Insights/metricalerts/Disk%20usage%20high%20for%20aks-bu0001a0008-00%20CI-5
rg-bu0001a0008,Microsoft.Insights/metricalerts,global,Jobs completed more than 6 hours ago for aks-bu0001a0008-00 CI-11,/subscriptions/9800bc67-8c79-4be8-b6a7-9e536e752abf/resourceGroups/rg-bu0001a0008/providers/Microsoft.Insights/metricalerts/Jobs%20completed%20more%20than%206%20hours%20ago%20for%20aks-bu0001a0008-00%20CI-11
rg-bu0001a0008,Microsoft.Insights/metricalerts,global,Node CPU utilization high for aks-bu0001a0008-00 CI-1,/subscriptions/9800bc67-8c79-4be8-b6a7-9e536e752abf/resourceGroups/rg-bu0001a0008/providers/Microsoft.Insights/metricalerts/Node%20CPU%20utilization%20high%20for%20aks-bu0001a0008-00%20CI-1
rg-bu0001a0008,Microsoft.Insights/metricalerts,global,Node working set memory utilization high for aks-bu0001a0008-00 CI-2,/subscriptions/9800bc67-8c79-4be8-b6a7-9e536e752abf/resourceGroups/rg-bu0001a0008/providers/Microsoft.Insights/metricalerts/Node%20working%20set%20memory%20utilization%20high%20for%20aks-bu0001a0008-00%20CI-2
rg-bu0001a0008,Microsoft.Insights/metricalerts,global,Nodes in not ready status for aks-bu0001a0008-00 CI-3,/subscriptions/9800bc67-8c79-4be8-b6a7-9e536e752abf/resourceGroups/rg-bu0001a0008/providers/Microsoft.Insights/metricalerts/Nodes%20in%20not%20ready%20status%20for%20aks-bu0001a0008-00%20CI-3
rg-bu0001a0008,Microsoft.Insights/metricalerts,global,Persistent volume usage high for aks-bu0001a0008-00 CI-18,/subscriptions/9800bc67-8c79-4be8-b6a7-9e536e752abf/resourceGroups/rg-bu0001a0008/providers/Microsoft.Insights/metricalerts/Persistent%20volume%20usage%20high%20for%20aks-bu0001a0008-00%20CI-18
rg-bu0001a0008,Microsoft.Insights/metricalerts,global,Pods in failed state for aks-bu0001a0008-00 CI-4,/subscriptions/9800bc67-8c79-4be8-b6a7-9e536e752abf/resourceGroups/rg-bu0001a0008/providers/Microsoft.Insights/metricalerts/Pods%20in%20failed%20state%20for%20aks-bu0001a0008-00%20CI-4
rg-bu0001a0008,Microsoft.Insights/metricalerts,global,Pods not in ready state for aks-bu0001a0008-00 CI-8,/subscriptions/9800bc67-8c79-4be8-b6a7-9e536e752abf/resourceGroups/rg-bu0001a0008/providers/Microsoft.Insights/metricalerts/Pods%20not%20in%20ready%20state%20for%20aks-bu0001a0008-00%20CI-8
rg-bu0001a0008,Microsoft.Insights/metricalerts,global,Restarting container count for aks-bu0001a0008-00 CI-7,/subscriptions/9800bc67-8c79-4be8-b6a7-9e536e752abf/resourceGroups/rg-bu0001a0008/providers/Microsoft.Insights/metricalerts/Restarting%20container%20count%20for%20aks-bu0001a0008-00%20CI-7
rg-bu0001a0008,Microsoft.Insights/scheduledqueryrules,eastus2,DailyDataCapBreach,/subscriptions/9800bc67-8c79-4be8-b6a7-9e536e752abf/resourceGroups/rg-bu0001a0008/providers/Microsoft.Insights/scheduledqueryrules/DailyDataCapBreach
rg-bu0001a0008,Microsoft.Insights/scheduledqueryrules,eastus2,PodFailedScheduledQuery,/subscriptions/9800bc67-8c79-4be8-b6a7-9e536e752abf/resourceGroups/rg-bu0001a0008/providers/Microsoft.Insights/scheduledqueryrules/PodFailedScheduledQuery
rg-bu0001a0008,Microsoft.KeyVault/vaults,eastus2,kv-aks-bu0001a0008-00,/subscriptions/9800bc67-8c79-4be8-b6a7-9e536e752abf/resourceGroups/rg-bu0001a0008/providers/Microsoft.KeyVault/vaults/kv-aks-bu0001a0008-00
rg-bu0001a0008,Microsoft.ManagedIdentity/userAssignedIdentities,eastus2,mi-aks-bu0001a0008-00-controlplane,/subscriptions/9800bc67-8c79-4be8-b6a7-9e536e752abf/resourceGroups/rg-bu0001a0008/providers/Microsoft.ManagedIdentity/userAssignedIdentities/mi-aks-bu0001a0008-00-controlplane
rg-bu0001a0008,Microsoft.ManagedIdentity/userAssignedIdentities,eastus2,mi-appgateway-frontend,/subscriptions/9800bc67-8c79-4be8-b6a7-9e536e752abf/resourceGroups/rg-bu0001a0008/providers/Microsoft.ManagedIdentity/userAssignedIdentities/mi-appgateway-frontend
rg-bu0001a0008,Microsoft.ManagedIdentity/userAssignedIdentities,eastus2,podmi-ingress-controller,/subscriptions/9800bc67-8c79-4be8-b6a7-9e536e752abf/resourceGroups/rg-bu0001a0008/providers/Microsoft.ManagedIdentity/userAssignedIdentities/podmi-ingress-controller
rg-bu0001a0008,Microsoft.Network/applicationGateways,eastus2,appgw-bu0001a0008-00,/subscriptions/9800bc67-8c79-4be8-b6a7-9e536e752abf/resourceGroups/rg-bu0001a0008/providers/Microsoft.Network/applicationGateways/appgw-bu0001a0008-00
rg-bu0001a0008,Microsoft.Network/applicationGatewayWebApplicationFirewallPolicies,eastus2,waf-aks-bu0001a0008-00,/subscriptions/9800bc67-8c79-4be8-b6a7-9e536e752abf/resourceGroups/rg-bu0001a0008/providers/Microsoft.Network/applicationGatewayWebApplicationFirewallPolicies/waf-aks-bu0001a0008-00
rg-bu0001a0008,Microsoft.Network/networkInterfaces,eastus2,acr-endpoint.nic.edad25c7-d91a-49da-9ceb-48e278c6fca0,/subscriptions/9800bc67-8c79-4be8-b6a7-9e536e752abf/resourceGroups/rg-bu0001a0008/providers/Microsoft.Network/networkInterfaces/acr-endpoint.nic.edad25c7-d91a-49da-9ceb-48e278c6fca0
rg-bu0001a0008,Microsoft.Network/networkInterfaces,eastus2,pe-kv-aks-bu0001a0008-00.nic.d8579f88-f0e3-43d7-a715-61a89f152a0c,/subscriptions/9800bc67-8c79-4be8-b6a7-9e536e752abf/resourceGroups/rg-bu0001a0008/providers/Microsoft.Network/networkInterfaces/pe-kv-aks-bu0001a0008-00.nic.d8579f88-f0e3-43d7-a715-61a89f152a0c
rg-bu0001a0008,Microsoft.Network/privateDnsZones,global,aks-ingress.contoso.com,/subscriptions/9800bc67-8c79-4be8-b6a7-9e536e752abf/resourceGroups/rg-bu0001a0008/providers/Microsoft.Network/privateDnsZones/aks-ingress.contoso.com
rg-bu0001a0008,Microsoft.Network/privateDnsZones/virtualNetworkLinks,global,aks-ingress.contoso.com/aks-ingress-private-dns-vnet-spoke-bu0001a0008-00-link,/subscriptions/9800bc67-8c79-4be8-b6a7-9e536e752abf/resourceGroups/rg-bu0001a0008/providers/Microsoft.Network/privateDnsZones/aks-ingress.contoso.com/virtualNetworkLinks/aks-ingress-private-dns-vnet-spoke-bu0001a0008-00-link
rg-bu0001a0008,Microsoft.Network/privateDnsZones,global,privatelink.azurecr.io,/subscriptions/9800bc67-8c79-4be8-b6a7-9e536e752abf/resourceGroups/rg-bu0001a0008/providers/Microsoft.Network/privateDnsZones/privatelink.azurecr.io
rg-bu0001a0008,Microsoft.Network/privateDnsZones/virtualNetworkLinks,global,privatelink.azurecr.io/acr-vnet-spoke-bu0001a0008-00-link,/subscriptions/9800bc67-8c79-4be8-b6a7-9e536e752abf/resourceGroups/rg-bu0001a0008/providers/Microsoft.Network/privateDnsZones/privatelink.azurecr.io/virtualNetworkLinks/acr-vnet-spoke-bu0001a0008-00-link
rg-bu0001a0008,Microsoft.Network/privateDnsZones,global,privatelink.vaultcore.azure.net,/subscriptions/9800bc67-8c79-4be8-b6a7-9e536e752abf/resourceGroups/rg-bu0001a0008/providers/Microsoft.Network/privateDnsZones/privatelink.vaultcore.azure.net
rg-bu0001a0008,Microsoft.Network/privateDnsZones/virtualNetworkLinks,global,privatelink.vaultcore.azure.net/kv-vnet-spoke-bu0001a0008-00-link,/subscriptions/9800bc67-8c79-4be8-b6a7-9e536e752abf/resourceGroups/rg-bu0001a0008/providers/Microsoft.Network/privateDnsZones/privatelink.vaultcore.azure.net/virtualNetworkLinks/kv-vnet-spoke-bu0001a0008-00-link
rg-bu0001a0008,Microsoft.Network/privateEndpoints,eastus2,acr-endpoint,/subscriptions/9800bc67-8c79-4be8-b6a7-9e536e752abf/resourceGroups/rg-bu0001a0008/providers/Microsoft.Network/privateEndpoints/acr-endpoint
rg-bu0001a0008,Microsoft.Network/privateEndpoints,eastus2,pe-kv-aks-bu0001a0008-00,/subscriptions/9800bc67-8c79-4be8-b6a7-9e536e752abf/resourceGroups/rg-bu0001a0008/providers/Microsoft.Network/privateEndpoints/pe-kv-aks-bu0001a0008-00
rg-bu0001a0008,Microsoft.OperationalInsights/querypacks,eastus2,aks-baseline-queries,/subscriptions/9800bc67-8c79-4be8-b6a7-9e536e752abf/resourceGroups/rg-bu0001a0008/providers/Microsoft.OperationalInsights/querypacks/aks-baseline-queries
rg-bu0001a0008,Microsoft.OperationalInsights/workspaces,eastus2,la-aks-da0a362e8e930287,/subscriptions/9800bc67-8c79-4be8-b6a7-9e536e752abf/resourceGroups/rg-bu0001a0008/providers/Microsoft.OperationalInsights/workspaces/la-aks-da0a362e8e930287
rg-bu0001a0008,Microsoft.OperationsManagement/solutions,eastus2,ContainerInsights(la-aks-da0a362e8e930287),/subscriptions/9800bc67-8c79-4be8-b6a7-9e536e752abf/resourceGroups/rg-bu0001a0008/providers/Microsoft.OperationsManagement/solutions/ContainerInsights(la-aks-da0a362e8e930287)
rg-bu0001a0008,Microsoft.OperationsManagement/solutions,eastus2,KeyVaultAnalytics(la-aks-da0a362e8e930287),/subscriptions/9800bc67-8c79-4be8-b6a7-9e536e752abf/resourceGroups/rg-bu0001a0008/providers/Microsoft.OperationsManagement/solutions/KeyVaultAnalytics(la-aks-da0a362e8e930287)
rg-aks-bu0001a0008-00-nodepools,Microsoft.Resources/resourceGroups,eastus2,rg-aks-bu0001a0008-00-nodepools,/subscriptions/9800bc67-8c79-4be8-b6a7-9e536e752abf/resourceGroups/rg-aks-bu0001a0008-00-nodepools
rg-aks-bu0001a0008-00-nodepools,Microsoft.Compute/virtualMachineScaleSets,eastus2,aks-npsystem-54394851-vmss,/subscriptions/9800bc67-8c79-4be8-b6a7-9e536e752abf/resourceGroups/rg-aks-bu0001a0008-00-nodepools/providers/Microsoft.Compute/virtualMachineScaleSets/aks-npsystem-54394851-vmss
rg-aks-bu0001a0008-00-nodepools,Microsoft.Compute/virtualMachineScaleSets,eastus2,aks-npuser01-38576044-vmss,/subscriptions/9800bc67-8c79-4be8-b6a7-9e536e752abf/resourceGroups/rg-aks-bu0001a0008-00-nodepools/providers/Microsoft.Compute/virtualMachineScaleSets/aks-npuser01-38576044-vmss
rg-aks-bu0001a0008-00-nodepools,Microsoft.KubernetesConfiguration/privateLinkScopes,eastus2,extension-pls,/subscriptions/9800bc67-8c79-4be8-b6a7-9e536e752abf/resourceGroups/rg-aks-bu0001a0008-00-nodepools/providers/Microsoft.KubernetesConfiguration/privateLinkScopes/extension-pls
rg-aks-bu0001a0008-00-nodepools,Microsoft.ManagedIdentity/userAssignedIdentities,eastus2,aks-bu0001a0008-00-agentpool,/subscriptions/9800bc67-8c79-4be8-b6a7-9e536e752abf/resourceGroups/rg-aks-bu0001a0008-00-nodepools/providers/Microsoft.ManagedIdentity/userAssignedIdentities/aks-bu0001a0008-00-agentpool
rg-aks-bu0001a0008-00-nodepools,Microsoft.ManagedIdentity/userAssignedIdentities,eastus2,azurekeyvaultsecretsprovider-aks-bu0001a0008-00,/subscriptions/9800bc67-8c79-4be8-b6a7-9e536e752abf/resourceGroups/rg-aks-bu0001a0008-00-nodepools/providers/Microsoft.ManagedIdentity/userAssignedIdentities/azurekeyvaultsecretsprovider-aks-bu0001a0008-00
rg-aks-bu0001a0008-00-nodepools,Microsoft.ManagedIdentity/userAssignedIdentities,eastus2,azurepolicy-aks-bu0001a0008-00,/subscriptions/9800bc67-8c79-4be8-b6a7-9e536e752abf/resourceGroups/rg-aks-bu0001a0008-00-nodepools/providers/Microsoft.ManagedIdentity/userAssignedIdentities/azurepolicy-aks-bu0001a0008-00
rg-aks-bu0001a0008-00-nodepools,Microsoft.ManagedIdentity/userAssignedIdentities,eastus2,ext-ab18b3e58a3b1bb5106ced208a8bd460-aks-bu0001a0008-00,/subscriptions/9800bc67-8c79-4be8-b6a7-9e536e752abf/resourceGroups/rg-aks-bu0001a0008-00-nodepools/providers/Microsoft.ManagedIdentity/userAssignedIdentities/ext-ab18b3e58a3b1bb5106ced208a8bd460-aks-bu0001a0008-00
rg-aks-bu0001a0008-00-nodepools,Microsoft.ManagedIdentity/userAssignedIdentities,eastus2,extensionmanager-aks-bu0001a0008-00,/subscriptions/9800bc67-8c79-4be8-b6a7-9e536e752abf/resourceGroups/rg-aks-bu0001a0008-00-nodepools/providers/Microsoft.ManagedIdentity/userAssignedIdentities/extensionmanager-aks-bu0001a0008-00
rg-aks-bu0001a0008-00-nodepools,Microsoft.ManagedIdentity/userAssignedIdentities,eastus2,omsagent-aks-bu0001a0008-00,/subscriptions/9800bc67-8c79-4be8-b6a7-9e536e752abf/resourceGroups/rg-aks-bu0001a0008-00-nodepools/providers/Microsoft.ManagedIdentity/userAssignedIdentities/omsagent-aks-bu0001a0008-00
rg-aks-bu0001a0008-00-nodepools,Microsoft.Network/loadBalancers,eastus2,kubernetes,/subscriptions/9800bc67-8c79-4be8-b6a7-9e536e752abf/resourceGroups/rg-aks-bu0001a0008-00-nodepools/providers/Microsoft.Network/loadBalancers/kubernetes
rg-aks-bu0001a0008-00-nodepools,Microsoft.Network/loadBalancers,eastus2,kubernetes-internal,/subscriptions/9800bc67-8c79-4be8-b6a7-9e536e752abf/resourceGroups/rg-aks-bu0001a0008-00-nodepools/providers/Microsoft.Network/loadBalancers/kubernetes-internal
rg-aks-bu0001a0008-00-nodepools,Microsoft.Network/networkSecurityGroups,eastus2,aks-agentpool-21651498-nsg,/subscriptions/9800bc67-8c79-4be8-b6a7-9e536e752abf/resourceGroups/rg-aks-bu0001a0008-00-nodepools/providers/Microsoft.Network/networkSecurityGroups/aks-agentpool-21651498-nsg
rg-aks-bu0001a0008-00-nodepools,Microsoft.Network/publicIPAddresses,eastus2,7a753592-7289-48b9-bd34-d387998a75cb,/subscriptions/9800bc67-8c79-4be8-b6a7-9e536e752abf/resourceGroups/rg-aks-bu0001a0008-00-nodepools/providers/Microsoft.Network/publicIPAddresses/7a753592-7289-48b9-bd34-d387998a75cb
