Resource Group,Resource Type,Location,Resource Name,ResourceID
rg-enterprise-networking-hubs,Microsoft.Resources/resourceGroups,eastus2,rg-enterprise-networking-hubs,/subscriptions/9800bc67-8c79-4be8-b6a7-9e536e752abf/resourceGroups/rg-enterprise-networking-hubs
rg-enterprise-networking-hubs,Microsoft.Network/networkSecurityGroups,eastus2,nsg-vnet-eastus2-hub-azurefirewall,/subscriptions/9800bc67-8c79-4be8-b6a7-9e536e752abf/resourceGroups/rg-enterprise-networking-hubs/providers/Microsoft.Network/networkSecurityGroups/nsg-vnet-eastus2-hub-azurefirewall
rg-enterprise-networking-hubs,Microsoft.Network/virtualNetworks,eastus2,vnet-eastus2-hub,/subscriptions/9800bc67-8c79-4be8-b6a7-9e536e752abf/resourceGroups/rg-enterprise-networking-hubs/providers/Microsoft.Network/virtualNetworks/vnet-eastus2-hub
rg-enterprise-networking-hubs,Microsoft.OperationalInsights/workspaces,eastus2,la-hub-eastus2,/subscriptions/9800bc67-8c79-4be8-b6a7-9e536e752abf/resourceGroups/rg-enterprise-networking-hubs/providers/Microsoft.OperationalInsights/workspaces/la-hub-eastus2
