Resource Group,Resource Type,Location,Resource Name,ResourceID
rg-bu0001a0008,Microsoft.Resources/resourceGroups,eastus2,rg-bu0001a0008,/subscriptions/9800bc67-8c79-4be8-b6a7-9e536e752abf/resourceGroups/rg-bu0001a0008
rg-bu0001a0008,Microsoft.ContainerRegistry/registries,eastus2,acraksda0a362e8e930287,/subscriptions/9800bc67-8c79-4be8-b6a7-9e536e752abf/resourceGroups/rg-bu0001a0008/providers/Microsoft.ContainerRegistry/registries/acraksda0a362e8e930287
rg-bu0001a0008,Microsoft.ContainerRegistry/registries/replications,centralus,acraksda0a362e8e930287/centralus,/subscriptions/9800bc67-8c79-4be8-b6a7-9e536e752abf/resourceGroups/rg-bu0001a0008/providers/Microsoft.ContainerRegistry/registries/acraksda0a362e8e930287/replications/centralus
rg-bu0001a0008,Microsoft.ContainerRegistry/registries/replications,eastus2,acraksda0a362e8e930287/eastus2,/subscriptions/9800bc67-8c79-4be8-b6a7-9e536e752abf/resourceGroups/rg-bu0001a0008/providers/Microsoft.ContainerRegistry/registries/acraksda0a362e8e930287/replications/eastus2
rg-bu0001a0008,Microsoft.Insights/activityLogAlerts,global,AllAzureAdvisorAlert,/subscriptions/9800bc67-8c79-4be8-b6a7-9e536e752abf/resourceGroups/rg-bu0001a0008/providers/Microsoft.Insights/activityLogAlerts/AllAzureAdvisorAlert
rg-bu0001a0008,Microsoft.Insights/scheduledqueryrules,eastus2,DailyDataCapBreach,/subscriptions/9800bc67-8c79-4be8-b6a7-9e536e752abf/resourceGroups/rg-bu0001a0008/providers/Microsoft.Insights/scheduledqueryrules/DailyDataCapBreach
rg-bu0001a0008,Microsoft.KeyVault/vaults,eastus2,kv-aks-bu0001a0008-00,/subscriptions/9800bc67-8c79-4be8-b6a7-9e536e752abf/resourceGroups/rg-bu0001a0008/providers/Microsoft.KeyVault/vaults/kv-aks-bu0001a0008-00
rg-bu0001a0008,Microsoft.ManagedIdentity/userAssignedIdentities,eastus2,mi-aks-bu0001a0008-00-controlplane,/subscriptions/9800bc67-8c79-4be8-b6a7-9e536e752abf/resourceGroups/rg-bu0001a0008/providers/Microsoft.ManagedIdentity/userAssignedIdentities/mi-aks-bu0001a0008-00-controlplane
rg-bu0001a0008,Microsoft.ManagedIdentity/userAssignedIdentities,eastus2,mi-appgateway-frontend,/subscriptions/9800bc67-8c79-4be8-b6a7-9e536e752abf/resourceGroups/rg-bu0001a0008/providers/Microsoft.ManagedIdentity/userAssignedIdentities/mi-appgateway-frontend
rg-bu0001a0008,Microsoft.ManagedIdentity/userAssignedIdentities,eastus2,podmi-ingress-controller,/subscriptions/9800bc67-8c79-4be8-b6a7-9e536e752abf/resourceGroups/rg-bu0001a0008/providers/Microsoft.ManagedIdentity/userAssignedIdentities/podmi-ingress-controller
rg-bu0001a0008,Microsoft.Network/applicationGateways,eastus2,appgw-bu0001a0008-00,/subscriptions/9800bc67-8c79-4be8-b6a7-9e536e752abf/resourceGroups/rg-bu0001a0008/providers/Microsoft.Network/applicationGateways/appgw-bu0001a0008-00
rg-bu0001a0008,Microsoft.Network/applicationGatewayWebApplicationFirewallPolicies,eastus2,waf-aks-bu0001a0008-00,/subscriptions/9800bc67-8c79-4be8-b6a7-9e536e752abf/resourceGroups/rg-bu0001a0008/providers/Microsoft.Network/applicationGatewayWebApplicationFirewallPolicies/waf-aks-bu0001a0008-00
rg-bu0001a0008,Microsoft.Network/networkInterfaces,eastus2,acr-endpoint.nic.edad25c7-d91a-49da-9ceb-48e278c6fca0,/subscriptions/9800bc67-8c79-4be8-b6a7-9e536e752abf/resourceGroups/rg-bu0001a0008/providers/Microsoft.Network/networkInterfaces/acr-endpoint.nic.edad25c7-d91a-49da-9ceb-48e278c6fca0
rg-bu0001a0008,Microsoft.Network/networkInterfaces,eastus2,pe-kv-aks-bu0001a0008-00.nic.d8579f88-f0e3-43d7-a715-61a89f152a0c,/subscriptions/9800bc67-8c79-4be8-b6a7-9e536e752abf/resourceGroups/rg-bu0001a0008/providers/Microsoft.Network/networkInterfaces/pe-kv-aks-bu0001a0008-00.nic.d8579f88-f0e3-43d7-a715-61a89f152a0c
rg-bu0001a0008,Microsoft.Network/privateDnsZones,global,aks-ingress.contoso.com,/subscriptions/9800bc67-8c79-4be8-b6a7-9e536e752abf/resourceGroups/rg-bu0001a0008/providers/Microsoft.Network/privateDnsZones/aks-ingress.contoso.com
rg-bu0001a0008,Microsoft.Network/privateDnsZones/virtualNetworkLinks,global,aks-ingress.contoso.com/aks-ingress-private-dns-vnet-spoke-bu0001a0008-00-link,/subscriptions/9800bc67-8c79-4be8-b6a7-9e536e752abf/resourceGroups/rg-bu0001a0008/providers/Microsoft.Network/privateDnsZones/aks-ingress.contoso.com/virtualNetworkLinks/aks-ingress-private-dns-vnet-spoke-bu0001a0008-00-link
rg-bu0001a0008,Microsoft.Network/privateDnsZones,global,privatelink.azurecr.io,/subscriptions/9800bc67-8c79-4be8-b6a7-9e536e752abf/resourceGroups/rg-bu0001a0008/providers/Microsoft.Network/privateDnsZones/privatelink.azurecr.io
rg-bu0001a0008,Microsoft.Network/privateDnsZones/virtualNetworkLinks,global,privatelink.azurecr.io/acr-vnet-spoke-bu0001a0008-00-link,/subscriptions/9800bc67-8c79-4be8-b6a7-9e536e752abf/resourceGroups/rg-bu0001a0008/providers/Microsoft.Network/privateDnsZones/privatelink.azurecr.io/virtualNetworkLinks/acr-vnet-spoke-bu0001a0008-00-link
rg-bu0001a0008,Microsoft.Network/privateDnsZones,global,privatelink.vaultcore.azure.net,/subscriptions/9800bc67-8c79-4be8-b6a7-9e536e752abf/resourceGroups/rg-bu0001a0008/providers/Microsoft.Network/privateDnsZones/privatelink.vaultcore.azure.net
rg-bu0001a0008,Microsoft.Network/privateDnsZones/virtualNetworkLinks,global,privatelink.vaultcore.azure.net/kv-vnet-spoke-bu0001a0008-00-link,/subscriptions/9800bc67-8c79-4be8-b6a7-9e536e752abf/resourceGroups/rg-bu0001a0008/providers/Microsoft.Network/privateDnsZones/privatelink.vaultcore.azure.net/virtualNetworkLinks/kv-vnet-spoke-bu0001a0008-00-link
rg-bu0001a0008,Microsoft.Network/privateEndpoints,eastus2,acr-endpoint,/subscriptions/9800bc67-8c79-4be8-b6a7-9e536e752abf/resourceGroups/rg-bu0001a0008/providers/Microsoft.Network/privateEndpoints/acr-endpoint
rg-bu0001a0008,Microsoft.Network/privateEndpoints,eastus2,pe-kv-aks-bu0001a0008-00,/subscriptions/9800bc67-8c79-4be8-b6a7-9e536e752abf/resourceGroups/rg-bu0001a0008/providers/Microsoft.Network/privateEndpoints/pe-kv-aks-bu0001a0008-00
rg-bu0001a0008,Microsoft.OperationalInsights/querypacks,eastus2,aks-baseline-queries,/subscriptions/9800bc67-8c79-4be8-b6a7-9e536e752abf/resourceGroups/rg-bu0001a0008/providers/Microsoft.OperationalInsights/querypacks/aks-baseline-queries
rg-bu0001a0008,Microsoft.OperationalInsights/workspaces,eastus2,la-aks-da0a362e8e930287,/subscriptions/9800bc67-8c79-4be8-b6a7-9e536e752abf/resourceGroups/rg-bu0001a0008/providers/Microsoft.OperationalInsights/workspaces/la-aks-da0a362e8e930287
rg-bu0001a0008,Microsoft.OperationsManagement/solutions,eastus2,ContainerInsights(la-aks-da0a362e8e930287),/subscriptions/9800bc67-8c79-4be8-b6a7-9e536e752abf/resourceGroups/rg-bu0001a0008/providers/Microsoft.OperationsManagement/solutions/ContainerInsights(la-aks-da0a362e8e930287)
rg-bu0001a0008,Microsoft.OperationsManagement/solutions,eastus2,KeyVaultAnalytics(la-aks-da0a362e8e930287),/subscriptions/9800bc67-8c79-4be8-b6a7-9e536e752abf/resourceGroups/rg-bu0001a0008/providers/Microsoft.OperationsManagement/solutions/KeyVaultAnalytics(la-aks-da0a362e8e930287)
