Resource Group,Resource Type,Location,Resource Name,ResourceID
rg-bu0001a0008,Microsoft.Resources/resourceGroups,eastus2,rg-bu0001a0008,/subscriptions/9800bc67-8c79-4be8-b6a7-9e536e752abf/resourceGroups/rg-bu0001a0008
rg-bu0001a0008,Microsoft.ManagedIdentity/userAssignedIdentities,eastus2,mi-aks-bu0001a0008-00-controlplane,/subscriptions/9800bc67-8c79-4be8-b6a7-9e536e752abf/resourceGroups/rg-bu0001a0008/providers/Microsoft.ManagedIdentity/userAssignedIdentities/mi-aks-bu0001a0008-00-controlplane
rg-bu0001a0008,Microsoft.ManagedIdentity/userAssignedIdentities,eastus2,mi-appgateway-frontend,/subscriptions/9800bc67-8c79-4be8-b6a7-9e536e752abf/resourceGroups/rg-bu0001a0008/providers/Microsoft.ManagedIdentity/userAssignedIdentities/mi-appgateway-frontend
rg-bu0001a0008,Microsoft.ManagedIdentity/userAssignedIdentities,eastus2,podmi-ingress-controller,/subscriptions/9800bc67-8c79-4be8-b6a7-9e536e752abf/resourceGroups/rg-bu0001a0008/providers/Microsoft.ManagedIdentity/userAssignedIdentities/podmi-ingress-controller
