Resource Group,Resource Type,Location,Resource Name
72a74180f6788bd3-rg,Microsoft.Resources/resourceGroups,eastus,72a74180f6788bd3-rg
72a74180f6788bd3-rg,Microsoft.ContainerService/managedClusters,eastus,prefix-72a74180f6788bd3-aks
72a74180f6788bd3-rg,Microsoft.Network/virtualNetworks,eastus,72a74180f6788bd3-vn
72a74180f6788bd3-rg,Microsoft.OperationalInsights/workspaces,eastus,prefix-72a74180f6788bd3-workspace
72a74180f6788bd3-rg,Microsoft.OperationsManagement/solutions,eastus,ContainerInsights(prefix-72a74180f6788bd3-workspace)
MC_72a74180f6788bd3-rg_prefix-72a74180f6788bd3-aks_eastus,Microsoft.Resources/resourceGroups,eastus,MC_72a74180f6788bd3-rg_prefix-72a74180f6788bd3-aks_eastus
MC_72a74180f6788bd3-rg_prefix-72a74180f6788bd3-aks_eastus,Microsoft.Compute/virtualMachineScaleSets,eastus,aks-nodepool-34900611-vmss
MC_72a74180f6788bd3-rg_prefix-72a74180f6788bd3-aks_eastus,Microsoft.ManagedIdentity/userAssignedIdentities,eastus,omsagent-prefix-72a74180f6788bd3-aks
MC_72a74180f6788bd3-rg_prefix-72a74180f6788bd3-aks_eastus,Microsoft.ManagedIdentity/userAssignedIdentities,eastus,prefix-72a74180f6788bd3-aks-agentpool
MC_72a74180f6788bd3-rg_prefix-72a74180f6788bd3-aks_eastus,Microsoft.Network/loadBalancers,eastus,kubernetes
MC_72a74180f6788bd3-rg_prefix-72a74180f6788bd3-aks_eastus,Microsoft.Network/networkSecurityGroups,eastus,aks-agentpool-21790773-nsg
MC_72a74180f6788bd3-rg_prefix-72a74180f6788bd3-aks_eastus,Microsoft.Network/publicIPAddresses,eastus,8454bc4a-1975-4d8a-a053-b26b4d98b3ee
