{
  "CurrentKubernetesVersion": "1.27.7",
  "DnsPrefix": "prefix-72a74180f6788bd3",
  "KubernetesVersion": "1.27",
  "Location": "eastus",
  "Name": "prefix-72a74180f6788bd3-aks",
  "NetworkPlugin": "azure",
  "NetworkPolicy": "azure",
  "NodeCount": 2,
  "NodeResourceGroup": "MC_72a74180f6788bd3-rg_prefix-72a74180f6788bd3-aks_eastus",
  "NodeSize": "Standard_D2s_v3",
  "OutboundType": "loadBalancer",
  "PowerState": "Running",
  "PrivateFqdn": null,
  "ProvisioningState": "Succeeded",
  "ResourceGroup": "72a74180f6788bd3-rg"
}
